endpoint,feature_set,model,roc_auc_mean,roc_auc_std,avg_prec_mean,avg_prec_std,mcc_mean,mcc_std,bal_acc_mean,bal_acc_std
AR_agonist,PFG_EGR,GradientBoosting,0.633480,0.039972,0.153813,0.015527,0.162193,0.045888,0.629640,0.037414
AR_agonist,PFG_EGR,RandomForest,0.677593,0.045476,0.230687,0.060955,0.170600,0.045265,0.637033,0.036672
AR_agonist,PFG_EGR+branch+mol,GradientBoosting,0.742547,0.038480,0.308333,0.058938,0.275767,0.042831,0.696793,0.031505
AR_agonist,PFG_EGR+branch+mol,RandomForest,0.770553,0.036637,0.298493,0.050725,0.262700,0.052536,0.670287,0.036440
AR_agonist,PFG_EGR+mol,GradientBoosting,0.742260,0.038689,0.305987,0.061378,0.275767,0.042831,0.696793,0.031505
AR_agonist,PFG_EGR+mol,RandomForest,0.771907,0.037931,0.295260,0.052700,0.267000,0.057757,0.673493,0.040474
AR_agonist,PFG_EGR+ring+mol,GradientBoosting,0.742953,0.038758,0.308647,0.062589,0.274907,0.042583,0.695473,0.031234
AR_agonist,PFG_EGR+ring+mol,RandomForest,0.775047,0.037147,0.300307,0.050838,0.268260,0.057958,0.674093,0.040557
AR_agonist,PFG_EGR+spacer+mol,GradientBoosting,0.742260,0.038689,0.305987,0.061378,0.275767,0.042831,0.696793,0.031505
AR_agonist,PFG_EGR+spacer+mol,RandomForest,0.769713,0.036541,0.295100,0.049014,0.262800,0.052747,0.670353,0.036550
AR_agonist,PFG_EGR+spacer+ring+mol,GradientBoosting,0.742953,0.038758,0.308647,0.062589,0.274907,0.042583,0.695473,0.031234
AR_agonist,PFG_EGR+spacer+ring+mol,RandomForest,0.773773,0.035365,0.299560,0.048087,0.266060,0.053701,0.672427,0.037631
AR_agonist,PFG_EGR_4X,GradientBoosting,0.632260,0.040885,0.160967,0.028448,0.159933,0.049450,0.628413,0.039867
AR_agonist,PFG_EGR_4X,RandomForest,0.656007,0.050511,0.222927,0.060005,0.169567,0.051889,0.635013,0.041521
AR_agonist,PFG_EGR_4X+mol,GradientBoosting,0.747513,0.056572,0.315627,0.071661,0.272733,0.072499,0.691840,0.052144
AR_agonist,PFG_EGR_4X+mol,RandomForest,0.744273,0.037196,0.277533,0.057187,0.256327,0.059072,0.661647,0.037810
AR_agonist,PFG_binary,GradientBoosting,0.697380,0.036495,0.234720,0.024944,0.300793,0.043537,0.700260,0.029087
AR_agonist,PFG_binary,RandomForest,0.708820,0.039126,0.268520,0.037408,0.336167,0.046278,0.716027,0.029463
AR_agonist,PFG_binary+mol,GradientBoosting,0.733853,0.037392,0.297820,0.054585,0.272033,0.049205,0.693713,0.035123
AR_agonist,PFG_binary+mol,RandomForest,0.771813,0.036938,0.301080,0.050295,0.262187,0.060228,0.669567,0.041446
AR_agonist,PFG_min_dist_to_barycenter,GradientBoosting,0.500000,0.000000,0.108167,0.002537,0.000000,0.000000,0.500000,0.000000
AR_agonist,PFG_min_dist_to_barycenter,RandomForest,0.518193,0.006666,0.111847,0.003110,0.062833,0.012533,0.518193,0.006666
AR_agonist,PFG_min_dist_to_barycenter+mol,GradientBoosting,0.744807,0.035857,0.306627,0.066592,0.273253,0.040311,0.697433,0.031202
AR_agonist,PFG_min_dist_to_barycenter+mol,RandomForest,0.771493,0.037028,0.293127,0.051911,0.264200,0.054852,0.671033,0.038701
AR_agonist,PFG_total_component,GradientBoosting,0.741100,0.053168,0.263067,0.040390,0.280273,0.054406,0.705733,0.037609
AR_agonist,PFG_total_component,RandomForest,0.732467,0.049903,0.307807,0.053174,0.364460,0.047661,0.735060,0.034915
AR_agonist,PFG_total_component+mol,GradientBoosting,0.737673,0.041947,0.301953,0.059416,0.277600,0.051554,0.697927,0.033394
AR_agonist,PFG_total_component+mol,RandomForest,0.775240,0.035456,0.292220,0.048559,0.262100,0.062429,0.670267,0.043525
AR_agonist,TxP_PFAS,GradientBoosting,0.761007,0.060594,0.470473,0.101147,0.464820,0.109311,0.730653,0.051776
AR_agonist,TxP_PFAS,RandomForest,0.730560,0.059768,0.456160,0.109729,0.540173,0.081372,0.737713,0.049637
AR_agonist,TxP_PFAS+g51g52_total,GradientBoosting,0.773340,0.054542,0.512660,0.097225,0.450920,0.066236,0.756220,0.041793
AR_agonist,TxP_PFAS+g51g52_total,RandomForest,0.748653,0.051540,0.500767,0.100097,0.536007,0.056865,0.752707,0.034729
AR_antagonist,PFG_EGR,GradientBoosting,0.568413,0.030796,0.341660,0.018071,0.112867,0.058951,0.561220,0.032271
AR_antagonist,PFG_EGR,RandomForest,0.574513,0.030621,0.358760,0.023573,0.102127,0.068028,0.555507,0.037043
AR_antagonist,PFG_EGR+branch+mol,GradientBoosting,0.698093,0.037949,0.506267,0.051889,0.279160,0.059609,0.647760,0.030682
AR_antagonist,PFG_EGR+branch+mol,RandomForest,0.639500,0.039894,0.449167,0.049258,0.208660,0.079023,0.598413,0.037491
AR_antagonist,PFG_EGR+mol,GradientBoosting,0.698473,0.037798,0.507233,0.051579,0.282160,0.056200,0.649320,0.029185
AR_antagonist,PFG_EGR+mol,RandomForest,0.637380,0.040808,0.446980,0.046638,0.199747,0.075705,0.593720,0.035521
AR_antagonist,PFG_EGR+ring+mol,GradientBoosting,0.698520,0.037748,0.507093,0.051767,0.284213,0.059362,0.650373,0.030978
AR_antagonist,PFG_EGR+ring+mol,RandomForest,0.639760,0.037999,0.448933,0.044999,0.215687,0.071541,0.601260,0.033276
AR_antagonist,PFG_EGR+spacer+mol,GradientBoosting,0.698473,0.037798,0.507233,0.051579,0.282160,0.056200,0.649320,0.029185
AR_antagonist,PFG_EGR+spacer+mol,RandomForest,0.639167,0.040059,0.445707,0.047424,0.216653,0.066961,0.601907,0.031623
AR_antagonist,PFG_EGR+spacer+ring+mol,GradientBoosting,0.698520,0.037748,0.507093,0.051767,0.284213,0.059362,0.650373,0.030978
AR_antagonist,PFG_EGR+spacer+ring+mol,RandomForest,0.640127,0.038892,0.450380,0.043446,0.215853,0.069872,0.601173,0.032628
AR_antagonist,PFG_EGR_4X,GradientBoosting,0.508273,0.040978,0.310487,0.020525,0.018187,0.056804,0.506540,0.026089
AR_antagonist,PFG_EGR_4X,RandomForest,0.513533,0.041845,0.316200,0.022768,0.006873,0.074196,0.503713,0.039547
AR_antagonist,PFG_EGR_4X+mol,GradientBoosting,0.699160,0.034072,0.520340,0.039094,0.308567,0.056367,0.662427,0.029127
AR_antagonist,PFG_EGR_4X+mol,RandomForest,0.650207,0.035931,0.473180,0.056688,0.190073,0.066518,0.590533,0.030395
AR_antagonist,PFG_binary,GradientBoosting,0.592407,0.043495,0.398100,0.034202,0.140153,0.071672,0.570847,0.035508
AR_antagonist,PFG_binary,RandomForest,0.591047,0.043504,0.396960,0.035884,0.153013,0.086869,0.578020,0.043649
AR_antagonist,PFG_binary+mol,GradientBoosting,0.700500,0.038586,0.510387,0.049542,0.287773,0.059320,0.651973,0.031141
AR_antagonist,PFG_binary+mol,RandomForest,0.647727,0.040224,0.465880,0.058278,0.219660,0.072154,0.602893,0.034929
AR_antagonist,PFG_min_dist_to_barycenter,GradientBoosting,0.500000,0.000000,0.301933,0.002586,0.000000,0.000000,0.500000,0.000000
AR_antagonist,PFG_min_dist_to_barycenter,RandomForest,0.501700,0.012717,0.304507,0.005369,0.026113,0.063417,0.504113,0.011572
AR_antagonist,PFG_min_dist_to_barycenter+mol,GradientBoosting,0.701333,0.040066,0.510380,0.047943,0.293387,0.066542,0.655447,0.034423
AR_antagonist,PFG_min_dist_to_barycenter+mol,RandomForest,0.633773,0.039768,0.438380,0.049741,0.199047,0.075792,0.593067,0.035464
AR_antagonist,PFG_total_component,GradientBoosting,0.622993,0.040598,0.437167,0.030419,0.168593,0.081784,0.587493,0.041258
AR_antagonist,PFG_total_component,RandomForest,0.630013,0.035271,0.417700,0.039474,0.195560,0.067621,0.600547,0.034006
AR_antagonist,PFG_total_component+mol,GradientBoosting,0.696193,0.038255,0.503587,0.046846,0.280833,0.066508,0.648453,0.034480
AR_antagonist,PFG_total_component+mol,RandomForest,0.648440,0.043904,0.464440,0.061344,0.224307,0.072096,0.604767,0.034488
AR_antagonist,TxP_PFAS,GradientBoosting,0.632813,0.039564,0.422700,0.041159,0.231167,0.062609,0.620527,0.033201
AR_antagonist,TxP_PFAS,RandomForest,0.623533,0.036493,0.423327,0.031833,0.202733,0.065098,0.606027,0.034569
AR_antagonist,TxP_PFAS+g51g52_total,GradientBoosting,0.621453,0.045076,0.440813,0.039642,0.204120,0.063911,0.607540,0.033678
AR_antagonist,TxP_PFAS+g51g52_total,RandomForest,0.639907,0.034589,0.439093,0.038798,0.221787,0.061778,0.615087,0.032705
AhR_agonist,PFG_EGR,GradientBoosting,0.576353,0.062323,0.084820,0.033477,0.081093,0.066152,0.581700,0.065850
AhR_agonist,PFG_EGR,RandomForest,0.570733,0.049092,0.076067,0.011279,0.077080,0.044696,0.575913,0.043386
AhR_agonist,PFG_EGR+branch+mol,GradientBoosting,0.624833,0.071062,0.128633,0.054798,0.135993,0.063055,0.620927,0.057116
AhR_agonist,PFG_EGR+branch+mol,RandomForest,0.581447,0.072216,0.104360,0.030520,0.113313,0.107005,0.575660,0.073439
AhR_agonist,PFG_EGR+mol,GradientBoosting,0.625847,0.072266,0.130340,0.056952,0.135993,0.063055,0.620927,0.057116
AhR_agonist,PFG_EGR+mol,RandomForest,0.584447,0.072471,0.105153,0.029970,0.113453,0.109968,0.575660,0.075670
AhR_agonist,PFG_EGR+ring+mol,GradientBoosting,0.623287,0.071859,0.134593,0.059504,0.129220,0.077733,0.616160,0.069667
AhR_agonist,PFG_EGR+ring+mol,RandomForest,0.575127,0.081614,0.104940,0.029882,0.111813,0.100752,0.574127,0.070013
AhR_agonist,PFG_EGR+spacer+mol,GradientBoosting,0.625847,0.072266,0.130340,0.056952,0.135993,0.063055,0.620927,0.057116
AhR_agonist,PFG_EGR+spacer+mol,RandomForest,0.578573,0.079369,0.104593,0.030058,0.110433,0.106662,0.573000,0.072366
AhR_agonist,PFG_EGR+spacer+ring+mol,GradientBoosting,0.623287,0.071859,0.134593,0.059504,0.129220,0.077733,0.616160,0.069667
AhR_agonist,PFG_EGR+spacer+ring+mol,RandomForest,0.578420,0.079768,0.105180,0.030361,0.113320,0.103640,0.574680,0.070653
AhR_agonist,PFG_EGR_4X,GradientBoosting,0.593120,0.074903,0.083700,0.023186,0.096780,0.069567,0.600033,0.071201
AhR_agonist,PFG_EGR_4X,RandomForest,0.557120,0.069123,0.079867,0.020139,0.082180,0.067146,0.582573,0.067987
AhR_agonist,PFG_EGR_4X+mol,GradientBoosting,0.599827,0.042344,0.092893,0.014592,0.078827,0.051920,0.572667,0.047185
AhR_agonist,PFG_EGR_4X+mol,RandomForest,0.549320,0.071912,0.094100,0.024003,0.028233,0.062682,0.516960,0.038244
AhR_agonist,PFG_binary,GradientBoosting,0.635393,0.059967,0.100047,0.023789,0.098407,0.051037,0.601820,0.052848
AhR_agonist,PFG_binary,RandomForest,0.565147,0.054762,0.073927,0.009701,0.057913,0.052967,0.560393,0.055442
AhR_agonist,PFG_binary+mol,GradientBoosting,0.631813,0.068016,0.125013,0.043327,0.128393,0.056989,0.613533,0.051045
AhR_agonist,PFG_binary+mol,RandomForest,0.590413,0.077613,0.108327,0.031402,0.112060,0.098652,0.572753,0.068205
AhR_agonist,PFG_min_dist_to_barycenter,GradientBoosting,0.500000,0.000000,0.059333,0.002537,0.000000,0.000000,0.500000,0.000000
AhR_agonist,PFG_min_dist_to_barycenter,RandomForest,0.507500,0.017384,0.060320,0.002959,-0.007080,0.034437,0.497100,0.013312
AhR_agonist,PFG_min_dist_to_barycenter+mol,GradientBoosting,0.622567,0.071777,0.131467,0.052654,0.131613,0.068628,0.617880,0.063237
AhR_agonist,PFG_min_dist_to_barycenter+mol,RandomForest,0.576973,0.078196,0.105387,0.030715,0.121993,0.103449,0.581913,0.070778
AhR_agonist,PFG_total_component,GradientBoosting,0.641147,0.065702,0.127773,0.047021,0.122027,0.051797,0.623473,0.051576
AhR_agonist,PFG_total_component,RandomForest,0.584273,0.066046,0.084400,0.015717,0.074500,0.053032,0.570173,0.048893
AhR_agonist,PFG_total_component+mol,GradientBoosting,0.632707,0.069921,0.120400,0.042525,0.123800,0.068818,0.611193,0.062516
AhR_agonist,PFG_total_component+mol,RandomForest,0.608180,0.065635,0.109747,0.029308,0.109700,0.098583,0.571833,0.068466
AhR_agonist,TxP_PFAS,GradientBoosting,0.616360,0.051529,0.083460,0.012513,0.089967,0.051885,0.592620,0.052229
AhR_agonist,TxP_PFAS,RandomForest,0.646613,0.056406,0.103973,0.033907,0.102740,0.052494,0.606640,0.054843
AhR_agonist,TxP_PFAS+g51g52_total,GradientBoosting,0.634907,0.061132,0.094887,0.023588,0.111920,0.048574,0.617247,0.049678
AhR_agonist,TxP_PFAS+g51g52_total,RandomForest,0.636980,0.059687,0.090047,0.018691,0.101767,0.055469,0.604867,0.056874
Aromatase_antagonist,PFG_EGR,GradientBoosting,0.566253,0.021623,0.226053,0.009355,0.081640,0.033402,0.542707,0.013792
Aromatase_antagonist,PFG_EGR,RandomForest,0.580660,0.029329,0.236140,0.018083,0.092520,0.044049,0.556153,0.028395
Aromatase_antagonist,PFG_EGR+branch+mol,GradientBoosting,0.683560,0.026190,0.348367,0.038166,0.235827,0.049758,0.640267,0.027864
Aromatase_antagonist,PFG_EGR+branch+mol,RandomForest,0.626247,0.035022,0.301747,0.038320,0.130380,0.075005,0.561427,0.036417
Aromatase_antagonist,PFG_EGR+mol,GradientBoosting,0.683560,0.026190,0.348367,0.038166,0.235827,0.049758,0.640267,0.027864
Aromatase_antagonist,PFG_EGR+mol,RandomForest,0.628547,0.033190,0.302947,0.036836,0.130327,0.071785,0.562533,0.035716
Aromatase_antagonist,PFG_EGR+ring+mol,GradientBoosting,0.684627,0.026765,0.349127,0.038667,0.235787,0.051147,0.640267,0.028833
Aromatase_antagonist,PFG_EGR+ring+mol,RandomForest,0.630207,0.032786,0.304353,0.038502,0.128600,0.073699,0.559887,0.034958
Aromatase_antagonist,PFG_EGR+spacer+mol,GradientBoosting,0.683560,0.026190,0.348367,0.038166,0.235827,0.049758,0.640267,0.027864
Aromatase_antagonist,PFG_EGR+spacer+mol,RandomForest,0.630287,0.035131,0.301953,0.037778,0.131880,0.068482,0.562100,0.032740
Aromatase_antagonist,PFG_EGR+spacer+ring+mol,GradientBoosting,0.684627,0.026765,0.349127,0.038667,0.235787,0.051147,0.640267,0.028833
Aromatase_antagonist,PFG_EGR+spacer+ring+mol,RandomForest,0.631260,0.037760,0.301647,0.039923,0.132873,0.069968,0.562073,0.032516
Aromatase_antagonist,PFG_EGR_4X,GradientBoosting,0.503740,0.026054,0.203333,0.010407,0.029580,0.052272,0.512873,0.026774
Aromatase_antagonist,PFG_EGR_4X,RandomForest,0.529340,0.033293,0.215827,0.013510,0.037087,0.050703,0.519500,0.026954
Aromatase_antagonist,PFG_EGR_4X+mol,GradientBoosting,0.671647,0.022950,0.331480,0.036040,0.214053,0.039775,0.628213,0.022646
Aromatase_antagonist,PFG_EGR_4X+mol,RandomForest,0.642200,0.030539,0.304087,0.044943,0.128533,0.067187,0.559227,0.031256
Aromatase_antagonist,PFG_binary,GradientBoosting,0.561220,0.034556,0.245740,0.021615,0.124667,0.063954,0.567740,0.033772
Aromatase_antagonist,PFG_binary,RandomForest,0.565367,0.041520,0.245060,0.024910,0.122687,0.068624,0.569527,0.039373
Aromatase_antagonist,PFG_binary+mol,GradientBoosting,0.675553,0.031894,0.346753,0.040218,0.219500,0.053184,0.629040,0.030550
Aromatase_antagonist,PFG_binary+mol,RandomForest,0.640247,0.034065,0.318880,0.046407,0.153540,0.090152,0.570387,0.043339
Aromatase_antagonist,PFG_min_dist_to_barycenter,GradientBoosting,0.500000,0.000000,0.199000,0.000000,0.000000,0.000000,0.500000,0.000000
Aromatase_antagonist,PFG_min_dist_to_barycenter,RandomForest,0.517287,0.005509,0.204647,0.001849,0.076540,0.022841,0.517187,0.005617
Aromatase_antagonist,PFG_min_dist_to_barycenter+mol,GradientBoosting,0.686513,0.026647,0.353313,0.040626,0.228807,0.041310,0.636080,0.022661
Aromatase_antagonist,PFG_min_dist_to_barycenter+mol,RandomForest,0.637480,0.028629,0.313987,0.037260,0.153533,0.081466,0.572173,0.038346
Aromatase_antagonist,PFG_total_component,GradientBoosting,0.628680,0.034231,0.309760,0.038065,0.184727,0.041394,0.612767,0.025974
Aromatase_antagonist,PFG_total_component,RandomForest,0.613980,0.047069,0.279613,0.039852,0.162407,0.060912,0.593427,0.034940
Aromatase_antagonist,PFG_total_component+mol,GradientBoosting,0.681860,0.033946,0.358913,0.039500,0.217733,0.038984,0.629500,0.024378
Aromatase_antagonist,PFG_total_component+mol,RandomForest,0.641253,0.033157,0.322767,0.046079,0.172767,0.087444,0.580253,0.041939
Aromatase_antagonist,TxP_PFAS,GradientBoosting,0.607840,0.042544,0.264000,0.030906,0.141980,0.071159,0.582787,0.040171
Aromatase_antagonist,TxP_PFAS,RandomForest,0.602027,0.043777,0.262433,0.028232,0.138653,0.068731,0.578040,0.039112
Aromatase_antagonist,TxP_PFAS+g51g52_total,GradientBoosting,0.619773,0.043948,0.294447,0.043306,0.156933,0.064627,0.592027,0.036915
Aromatase_antagonist,TxP_PFAS+g51g52_total,RandomForest,0.602960,0.039625,0.287067,0.034608,0.132033,0.043529,0.574087,0.024562
CYP2C19_antagonist,PFG_EGR,GradientBoosting,0.486533,0.034427,0.341113,0.012927,-0.019467,0.067417,0.490273,0.031629
CYP2C19_antagonist,PFG_EGR,RandomForest,0.543120,0.032570,0.397887,0.028056,0.057600,0.081822,0.517807,0.029393
CYP2C19_antagonist,PFG_EGR+branch+mol,GradientBoosting,0.702807,0.028586,0.532373,0.041996,0.292320,0.054073,0.652360,0.028009
CYP2C19_antagonist,PFG_EGR+branch+mol,RandomForest,0.672993,0.027467,0.514593,0.032308,0.277060,0.050299,0.638200,0.025437
CYP2C19_antagonist,PFG_EGR+mol,GradientBoosting,0.702907,0.028656,0.532420,0.041636,0.295547,0.057636,0.653973,0.029794
CYP2C19_antagonist,PFG_EGR+mol,RandomForest,0.673207,0.029472,0.514340,0.034160,0.273887,0.047859,0.636580,0.024315
CYP2C19_antagonist,PFG_EGR+ring+mol,GradientBoosting,0.703853,0.029285,0.534833,0.042797,0.295320,0.058610,0.653720,0.030298
CYP2C19_antagonist,PFG_EGR+ring+mol,RandomForest,0.671987,0.026227,0.511673,0.026883,0.272513,0.049139,0.635607,0.025293
CYP2C19_antagonist,PFG_EGR+spacer+mol,GradientBoosting,0.702907,0.028656,0.532420,0.041636,0.295547,0.057636,0.653973,0.029794
CYP2C19_antagonist,PFG_EGR+spacer+mol,RandomForest,0.671680,0.027622,0.513773,0.032789,0.277907,0.042161,0.638447,0.021313
CYP2C19_antagonist,PFG_EGR+spacer+ring+mol,GradientBoosting,0.703853,0.029285,0.534833,0.042797,0.295320,0.058610,0.653720,0.030298
CYP2C19_antagonist,PFG_EGR+spacer+ring+mol,RandomForest,0.672920,0.026811,0.511827,0.028407,0.268713,0.044241,0.633487,0.022915
CYP2C19_antagonist,PFG_EGR_4X,GradientBoosting,0.542720,0.036029,0.372660,0.023554,0.077660,0.057709,0.540567,0.030086
CYP2C19_antagonist,PFG_EGR_4X,RandomForest,0.561133,0.047996,0.397953,0.033032,0.085567,0.065220,0.537560,0.023031
CYP2C19_antagonist,PFG_EGR_4X+mol,GradientBoosting,0.712313,0.033589,0.557433,0.051022,0.333847,0.054381,0.672920,0.028287
CYP2C19_antagonist,PFG_EGR_4X+mol,RandomForest,0.672033,0.032626,0.522407,0.030621,0.286440,0.072138,0.642460,0.036644
CYP2C19_antagonist,PFG_binary,GradientBoosting,0.644900,0.042070,0.470713,0.033841,0.224853,0.071461,0.608407,0.033261
CYP2C19_antagonist,PFG_binary,RandomForest,0.661280,0.041385,0.484640,0.036813,0.267880,0.055813,0.629553,0.028511
CYP2C19_antagonist,PFG_binary+mol,GradientBoosting,0.706347,0.028995,0.533787,0.043146,0.301993,0.061005,0.657193,0.032128
CYP2C19_antagonist,PFG_binary+mol,RandomForest,0.674900,0.027429,0.513000,0.029056,0.269587,0.058795,0.634693,0.029634
CYP2C19_antagonist,PFG_min_dist_to_barycenter,GradientBoosting,0.500000,0.000000,0.341667,0.002315,0.000000,0.000000,0.500000,0.000000
CYP2C19_antagonist,PFG_min_dist_to_barycenter,RandomForest,0.509820,0.009204,0.349567,0.005762,0.024913,0.060251,0.505480,0.009723
CYP2C19_antagonist,PFG_min_dist_to_barycenter+mol,GradientBoosting,0.705033,0.029891,0.529347,0.043961,0.305360,0.065546,0.659173,0.034085
CYP2C19_antagonist,PFG_min_dist_to_barycenter+mol,RandomForest,0.670147,0.030129,0.517593,0.032887,0.273840,0.043187,0.636587,0.021992
CYP2C19_antagonist,PFG_total_component,GradientBoosting,0.633720,0.047721,0.467667,0.039261,0.207833,0.069256,0.604627,0.035694
CYP2C19_antagonist,PFG_total_component,RandomForest,0.643047,0.046288,0.480100,0.044400,0.228147,0.072314,0.612480,0.036275
CYP2C19_antagonist,PFG_total_component+mol,GradientBoosting,0.704040,0.028135,0.531940,0.042446,0.299820,0.057131,0.655573,0.030420
CYP2C19_antagonist,PFG_total_component+mol,RandomForest,0.676047,0.028120,0.515140,0.031686,0.262780,0.063198,0.631033,0.031869
CYP2C19_antagonist,TxP_PFAS,GradientBoosting,0.654633,0.041137,0.480593,0.030543,0.267880,0.065573,0.628413,0.031282
CYP2C19_antagonist,TxP_PFAS,RandomForest,0.664173,0.038885,0.485753,0.032923,0.261867,0.049645,0.630007,0.026741
CYP2C19_antagonist,TxP_PFAS+g51g52_total,GradientBoosting,0.630727,0.040120,0.464353,0.036991,0.236407,0.069797,0.615933,0.034142
CYP2C19_antagonist,TxP_PFAS+g51g52_total,RandomForest,0.650840,0.031051,0.488940,0.031559,0.233880,0.045152,0.614220,0.023457
CYP2C9_antagonist,PFG_EGR,GradientBoosting,0.498907,0.030431,0.520527,0.020353,-0.002600,0.061311,0.495827,0.024956
CYP2C9_antagonist,PFG_EGR,RandomForest,0.538147,0.029703,0.571540,0.025724,0.090887,0.058603,0.534173,0.022893
CYP2C9_antagonist,PFG_EGR+branch+mol,GradientBoosting,0.741280,0.033426,0.727207,0.043571,0.345913,0.059328,0.672293,0.029585
CYP2C9_antagonist,PFG_EGR+branch+mol,RandomForest,0.741587,0.035382,0.728793,0.041066,0.379247,0.069883,0.689093,0.034853
CYP2C9_antagonist,PFG_EGR+mol,GradientBoosting,0.741280,0.033426,0.727207,0.043571,0.345913,0.059328,0.672293,0.029585
CYP2C9_antagonist,PFG_EGR+mol,RandomForest,0.740647,0.033948,0.728047,0.040770,0.382520,0.063333,0.690767,0.031448
CYP2C9_antagonist,PFG_EGR+ring+mol,GradientBoosting,0.742300,0.034081,0.727680,0.043358,0.340533,0.059680,0.669727,0.029728
CYP2C9_antagonist,PFG_EGR+ring+mol,RandomForest,0.740193,0.035673,0.727167,0.041987,0.378553,0.065862,0.688760,0.032678
CYP2C9_antagonist,PFG_EGR+spacer+mol,GradientBoosting,0.741280,0.033426,0.727207,0.043571,0.345913,0.059328,0.672293,0.029585
CYP2C9_antagonist,PFG_EGR+spacer+mol,RandomForest,0.740460,0.035147,0.729920,0.040896,0.378740,0.066609,0.688753,0.033117
CYP2C9_antagonist,PFG_EGR+spacer+ring+mol,GradientBoosting,0.742300,0.034081,0.727680,0.043358,0.340533,0.059680,0.669727,0.029728
CYP2C9_antagonist,PFG_EGR+spacer+ring+mol,RandomForest,0.741127,0.035943,0.730193,0.040960,0.375680,0.076064,0.687307,0.037849
CYP2C9_antagonist,PFG_EGR_4X,GradientBoosting,0.521347,0.038271,0.533153,0.023286,0.024820,0.056976,0.510453,0.026009
CYP2C9_antagonist,PFG_EGR_4X,RandomForest,0.538353,0.032515,0.571113,0.025254,0.068687,0.067516,0.526153,0.028066
CYP2C9_antagonist,PFG_EGR_4X+mol,GradientBoosting,0.755307,0.031362,0.724987,0.031328,0.405607,0.067342,0.702093,0.033634
CYP2C9_antagonist,PFG_EGR_4X+mol,RandomForest,0.735040,0.022637,0.718053,0.021105,0.368393,0.050074,0.683820,0.024999
CYP2C9_antagonist,PFG_binary,GradientBoosting,0.646527,0.032271,0.620207,0.024745,0.242953,0.065251,0.619200,0.032895
CYP2C9_antagonist,PFG_binary,RandomForest,0.672647,0.040241,0.664300,0.045138,0.265327,0.075910,0.628073,0.037153
CYP2C9_antagonist,PFG_binary+mol,GradientBoosting,0.746447,0.036196,0.732260,0.045627,0.358813,0.069908,0.678680,0.034741
CYP2C9_antagonist,PFG_binary+mol,RandomForest,0.749573,0.036227,0.733907,0.043248,0.384040,0.058996,0.691587,0.029351
CYP2C9_antagonist,PFG_min_dist_to_barycenter,GradientBoosting,0.500000,0.000000,0.509867,0.001366,0.000000,0.000000,0.500000,0.000000
CYP2C9_antagonist,PFG_min_dist_to_barycenter,RandomForest,0.533240,0.008681,0.538480,0.007842,0.156767,0.024017,0.524920,0.007551
CYP2C9_antagonist,PFG_min_dist_to_barycenter+mol,GradientBoosting,0.738833,0.030223,0.723140,0.041384,0.334433,0.052320,0.666773,0.026345
CYP2C9_antagonist,PFG_min_dist_to_barycenter+mol,RandomForest,0.741800,0.032128,0.732200,0.041807,0.384040,0.059898,0.691533,0.029759
CYP2C9_antagonist,PFG_total_component,GradientBoosting,0.672073,0.034977,0.662807,0.030458,0.276680,0.068279,0.636993,0.034196
CYP2C9_antagonist,PFG_total_component,RandomForest,0.685600,0.035337,0.683813,0.038363,0.261133,0.078999,0.629007,0.040475
CYP2C9_antagonist,PFG_total_component+mol,GradientBoosting,0.751347,0.034485,0.735893,0.038843,0.359360,0.069759,0.679047,0.034932
CYP2C9_antagonist,PFG_total_component+mol,RandomForest,0.752527,0.036860,0.739607,0.041050,0.404333,0.068695,0.701620,0.034213
CYP2C9_antagonist,TxP_PFAS,GradientBoosting,0.645420,0.022747,0.616287,0.026636,0.206253,0.054053,0.596300,0.030215
CYP2C9_antagonist,TxP_PFAS,RandomForest,0.705393,0.032120,0.673293,0.043202,0.284693,0.059959,0.637460,0.030765
CYP2C9_antagonist,TxP_PFAS+g51g52_total,GradientBoosting,0.685713,0.033550,0.668800,0.033502,0.260673,0.056123,0.628867,0.027464
CYP2C9_antagonist,TxP_PFAS+g51g52_total,RandomForest,0.707767,0.031104,0.678067,0.039228,0.291027,0.055175,0.641773,0.026699
CYP2D6_antagonist,PFG_EGR,GradientBoosting,0.575360,0.037476,0.554573,0.023066,0.168287,0.076818,0.559153,0.027205
CYP2D6_antagonist,PFG_EGR,RandomForest,0.578100,0.025729,0.557620,0.018789,0.111707,0.052722,0.543807,0.018189
CYP2D6_antagonist,PFG_EGR+branch+mol,GradientBoosting,0.714213,0.019784,0.716153,0.026610,0.275500,0.051935,0.635360,0.026375
CYP2D6_antagonist,PFG_EGR+branch+mol,RandomForest,0.691567,0.029904,0.699133,0.031505,0.246773,0.044246,0.621167,0.021799
CYP2D6_antagonist,PFG_EGR+mol,GradientBoosting,0.714207,0.020133,0.716553,0.026877,0.275500,0.051935,0.635360,0.026375
CYP2D6_antagonist,PFG_EGR+mol,RandomForest,0.691667,0.029932,0.699987,0.033110,0.252020,0.040666,0.623987,0.020585
CYP2D6_antagonist,PFG_EGR+ring+mol,GradientBoosting,0.713880,0.019265,0.716447,0.026267,0.274093,0.048790,0.634740,0.024918
CYP2D6_antagonist,PFG_EGR+ring+mol,RandomForest,0.688560,0.029947,0.697933,0.030598,0.239693,0.049121,0.617940,0.023917
CYP2D6_antagonist,PFG_EGR+spacer+mol,GradientBoosting,0.714207,0.020133,0.716553,0.026877,0.275500,0.051935,0.635360,0.026375
CYP2D6_antagonist,PFG_EGR+spacer+mol,RandomForest,0.690200,0.030187,0.699740,0.031016,0.250420,0.041983,0.623040,0.020616
CYP2D6_antagonist,PFG_EGR+spacer+ring+mol,GradientBoosting,0.713880,0.019265,0.716447,0.026267,0.274093,0.048790,0.634740,0.024918
CYP2D6_antagonist,PFG_EGR+spacer+ring+mol,RandomForest,0.689940,0.029396,0.699427,0.029580,0.242540,0.046932,0.619320,0.022786
CYP2D6_antagonist,PFG_EGR_4X,GradientBoosting,0.560907,0.032480,0.546107,0.021267,0.142887,0.068513,0.551853,0.025652
CYP2D6_antagonist,PFG_EGR_4X,RandomForest,0.543353,0.029650,0.547233,0.021055,0.133073,0.071177,0.549593,0.028567
CYP2D6_antagonist,PFG_EGR_4X+mol,GradientBoosting,0.725493,0.021998,0.717813,0.031283,0.338293,0.044573,0.666113,0.022496
CYP2D6_antagonist,PFG_EGR_4X+mol,RandomForest,0.713160,0.020848,0.730867,0.022462,0.305007,0.046191,0.650500,0.022866
CYP2D6_antagonist,PFG_binary,GradientBoosting,0.551440,0.047192,0.551800,0.030627,0.064773,0.079000,0.530053,0.036981
CYP2D6_antagonist,PFG_binary,RandomForest,0.515820,0.030263,0.536793,0.026579,-0.009767,0.049006,0.495787,0.022703
CYP2D6_antagonist,PFG_binary+mol,GradientBoosting,0.714300,0.022664,0.715193,0.029388,0.280533,0.053784,0.638307,0.027224
CYP2D6_antagonist,PFG_binary+mol,RandomForest,0.703293,0.029637,0.711273,0.027990,0.268560,0.037139,0.631873,0.017977
CYP2D6_antagonist,PFG_min_dist_to_barycenter,GradientBoosting,0.500000,0.000000,0.509867,0.001366,0.000000,0.000000,0.500000,0.000000
CYP2D6_antagonist,PFG_min_dist_to_barycenter,RandomForest,0.522240,0.014513,0.522453,0.008211,0.133840,0.067535,0.524280,0.014565
CYP2D6_antagonist,PFG_min_dist_to_barycenter+mol,GradientBoosting,0.717907,0.022727,0.718240,0.032049,0.278540,0.056353,0.636933,0.028432
CYP2D6_antagonist,PFG_min_dist_to_barycenter+mol,RandomForest,0.694967,0.029422,0.706613,0.030087,0.250787,0.040677,0.623560,0.020583
CYP2D6_antagonist,PFG_total_component,GradientBoosting,0.545727,0.036739,0.561933,0.033543,0.055093,0.076526,0.526053,0.036403
CYP2D6_antagonist,PFG_total_component,RandomForest,0.560113,0.027786,0.585520,0.027757,0.035933,0.058936,0.516320,0.027205
CYP2D6_antagonist,PFG_total_component+mol,GradientBoosting,0.712000,0.021796,0.715600,0.028017,0.273820,0.057107,0.634520,0.028517
CYP2D6_antagonist,PFG_total_component+mol,RandomForest,0.702847,0.030894,0.711760,0.030476,0.267480,0.041560,0.631167,0.019865
CYP2D6_antagonist,TxP_PFAS,GradientBoosting,0.523727,0.036590,0.542227,0.025616,0.018920,0.056722,0.507793,0.025317
CYP2D6_antagonist,TxP_PFAS,RandomForest,0.528653,0.031271,0.542367,0.029486,0.049993,0.061599,0.521547,0.027707
CYP2D6_antagonist,TxP_PFAS+g51g52_total,GradientBoosting,0.520013,0.033436,0.561467,0.028680,-0.000867,0.051360,0.499747,0.024115
CYP2D6_antagonist,TxP_PFAS+g51g52_total,RandomForest,0.530720,0.034487,0.561180,0.033977,0.021753,0.058460,0.508700,0.025890
CYP3A4_antagonist,PFG_EGR,GradientBoosting,0.542260,0.019245,0.412887,0.013188,0.081420,0.056288,0.529740,0.019738
CYP3A4_antagonist,PFG_EGR,RandomForest,0.574473,0.023661,0.454420,0.020905,0.077160,0.058551,0.529627,0.019830
CYP3A4_antagonist,PFG_EGR+branch+mol,GradientBoosting,0.755673,0.025563,0.626453,0.034055,0.353433,0.060121,0.678780,0.031749
CYP3A4_antagonist,PFG_EGR+branch+mol,RandomForest,0.732053,0.021766,0.608153,0.035599,0.310367,0.060426,0.652027,0.029623
CYP3A4_antagonist,PFG_EGR+mol,GradientBoosting,0.755673,0.025563,0.626453,0.034055,0.353433,0.060121,0.678780,0.031749
CYP3A4_antagonist,PFG_EGR+mol,RandomForest,0.731713,0.023808,0.607027,0.038295,0.322273,0.063615,0.658113,0.030675
CYP3A4_antagonist,PFG_EGR+ring+mol,GradientBoosting,0.755100,0.025522,0.626407,0.033957,0.352947,0.058116,0.678507,0.030620
CYP3A4_antagonist,PFG_EGR+ring+mol,RandomForest,0.729900,0.023820,0.607627,0.035566,0.323913,0.063281,0.658327,0.031112
CYP3A4_antagonist,PFG_EGR+spacer+mol,GradientBoosting,0.755673,0.025563,0.626453,0.034055,0.353433,0.060121,0.678780,0.031749
CYP3A4_antagonist,PFG_EGR+spacer+mol,RandomForest,0.733687,0.023380,0.610353,0.037524,0.315967,0.068254,0.654553,0.033477
CYP3A4_antagonist,PFG_EGR+spacer+ring+mol,GradientBoosting,0.755100,0.025522,0.626407,0.033957,0.352947,0.058116,0.678507,0.030620
CYP3A4_antagonist,PFG_EGR+spacer+ring+mol,RandomForest,0.730053,0.024683,0.606873,0.037304,0.314780,0.065922,0.653473,0.032363
CYP3A4_antagonist,PFG_EGR_4X,GradientBoosting,0.505993,0.023155,0.393320,0.015128,0.011600,0.045572,0.502807,0.018228
CYP3A4_antagonist,PFG_EGR_4X,RandomForest,0.529980,0.020246,0.415213,0.015848,0.035613,0.037403,0.513440,0.014650
CYP3A4_antagonist,PFG_EGR_4X+mol,GradientBoosting,0.755927,0.024666,0.642907,0.036678,0.360907,0.060784,0.682973,0.031358
CYP3A4_antagonist,PFG_EGR_4X+mol,RandomForest,0.730960,0.030493,0.619787,0.035971,0.328133,0.081876,0.660607,0.038973
CYP3A4_antagonist,PFG_binary,GradientBoosting,0.598513,0.047316,0.464673,0.034769,0.157680,0.081592,0.575147,0.038456
CYP3A4_antagonist,PFG_binary,RandomForest,0.594733,0.037675,0.445193,0.026490,0.163987,0.055186,0.580000,0.028049
CYP3A4_antagonist,PFG_binary+mol,GradientBoosting,0.751487,0.024152,0.621867,0.030416,0.347473,0.051865,0.675540,0.027615
CYP3A4_antagonist,PFG_binary+mol,RandomForest,0.732207,0.025217,0.607307,0.039162,0.309487,0.066422,0.651833,0.032051
CYP3A4_antagonist,PFG_min_dist_to_barycenter,GradientBoosting,0.500000,0.000000,0.382800,0.001610,0.000000,0.000000,0.500000,0.000000
CYP3A4_antagonist,PFG_min_dist_to_barycenter,RandomForest,0.515467,0.007531,0.391473,0.004472,0.099260,0.038415,0.517627,0.007442
CYP3A4_antagonist,PFG_min_dist_to_barycenter+mol,GradientBoosting,0.756093,0.025025,0.628133,0.034686,0.351653,0.057310,0.677873,0.030180
CYP3A4_antagonist,PFG_min_dist_to_barycenter+mol,RandomForest,0.732020,0.023610,0.606627,0.034415,0.313747,0.064526,0.653760,0.031601
CYP3A4_antagonist,PFG_total_component,GradientBoosting,0.606193,0.043351,0.503213,0.041147,0.134147,0.045155,0.565840,0.022424
CYP3A4_antagonist,PFG_total_component,RandomForest,0.624533,0.044787,0.504820,0.049180,0.170260,0.071358,0.583027,0.035636
CYP3A4_antagonist,PFG_total_component+mol,GradientBoosting,0.758333,0.022767,0.642433,0.032484,0.343300,0.053085,0.673280,0.027108
CYP3A4_antagonist,PFG_total_component+mol,RandomForest,0.730207,0.025637,0.608580,0.039141,0.305460,0.070452,0.649900,0.034353
CYP3A4_antagonist,TxP_PFAS,GradientBoosting,0.645753,0.036800,0.504700,0.039462,0.201373,0.065980,0.593787,0.030723
CYP3A4_antagonist,TxP_PFAS,RandomForest,0.677873,0.049890,0.539560,0.046495,0.233640,0.072146,0.612100,0.036060
CYP3A4_antagonist,TxP_PFAS+g51g52_total,GradientBoosting,0.650893,0.044990,0.527433,0.048949,0.205353,0.063494,0.596273,0.031811
CYP3A4_antagonist,TxP_PFAS+g51g52_total,RandomForest,0.682253,0.044036,0.549913,0.043859,0.221827,0.071404,0.606307,0.035833
Caspase3_HEPG2,PFG_EGR,GradientBoosting,0.624887,0.052607,0.130593,0.019350,0.097267,0.053506,0.569587,0.038536
Caspase3_HEPG2,PFG_EGR,RandomForest,0.634513,0.060789,0.135940,0.021948,0.099453,0.060750,0.575680,0.045152
Caspase3_HEPG2,PFG_EGR+branch+mol,GradientBoosting,0.818993,0.050531,0.357560,0.091224,0.351247,0.117141,0.756260,0.083442
Caspase3_HEPG2,PFG_EGR+branch+mol,RandomForest,0.762120,0.047701,0.272800,0.069035,0.269327,0.093095,0.642160,0.055586
Caspase3_HEPG2,PFG_EGR+mol,GradientBoosting,0.818993,0.050531,0.357560,0.091224,0.351247,0.117141,0.756260,0.083442
Caspase3_HEPG2,PFG_EGR+mol,RandomForest,0.760380,0.050490,0.275707,0.073610,0.262160,0.092670,0.637200,0.054754
Caspase3_HEPG2,PFG_EGR+ring+mol,GradientBoosting,0.818660,0.050642,0.359667,0.090348,0.354660,0.115933,0.756973,0.082677
Caspase3_HEPG2,PFG_EGR+ring+mol,RandomForest,0.753507,0.050492,0.274253,0.077322,0.255273,0.108390,0.634547,0.062463
Caspase3_HEPG2,PFG_EGR+spacer+mol,GradientBoosting,0.818993,0.050531,0.357560,0.091224,0.351247,0.117141,0.756260,0.083442
Caspase3_HEPG2,PFG_EGR+spacer+mol,RandomForest,0.755760,0.052243,0.271993,0.067606,0.267787,0.091071,0.640713,0.054418
Caspase3_HEPG2,PFG_EGR+spacer+ring+mol,GradientBoosting,0.818660,0.050642,0.359667,0.090348,0.354660,0.115933,0.756973,0.082677
Caspase3_HEPG2,PFG_EGR+spacer+ring+mol,RandomForest,0.756253,0.052257,0.274200,0.076411,0.254420,0.102842,0.633100,0.058766
Caspase3_HEPG2,PFG_EGR_4X,GradientBoosting,0.574267,0.073163,0.131140,0.022063,0.075180,0.059693,0.558000,0.046939
Caspase3_HEPG2,PFG_EGR_4X,RandomForest,0.623000,0.072106,0.149887,0.034220,0.093327,0.071908,0.574853,0.056809
Caspase3_HEPG2,PFG_EGR_4X+mol,GradientBoosting,0.802060,0.056174,0.333120,0.059373,0.392327,0.082961,0.762340,0.055153
Caspase3_HEPG2,PFG_EGR_4X+mol,RandomForest,0.768020,0.046353,0.272587,0.063906,0.253100,0.090499,0.629640,0.055551
Caspase3_HEPG2,PFG_binary,GradientBoosting,0.546073,0.056555,0.114173,0.018063,0.054213,0.071368,0.542993,0.054947
Caspase3_HEPG2,PFG_binary,RandomForest,0.532207,0.038985,0.110993,0.011987,0.032833,0.071718,0.528173,0.058588
Caspase3_HEPG2,PFG_binary+mol,GradientBoosting,0.812853,0.043393,0.349320,0.079033,0.341913,0.099109,0.748747,0.073048
Caspase3_HEPG2,PFG_binary+mol,RandomForest,0.757433,0.055931,0.280420,0.081009,0.271100,0.098936,0.642560,0.055103
Caspase3_HEPG2,PFG_min_dist_to_barycenter,GradientBoosting,0.500000,0.000000,0.096633,0.000244,0.000000,0.000000,0.500000,0.000000
Caspase3_HEPG2,PFG_min_dist_to_barycenter,RandomForest,0.519413,0.005722,0.100133,0.001166,0.061700,0.009927,0.519413,0.005722
Caspase3_HEPG2,PFG_min_dist_to_barycenter+mol,GradientBoosting,0.805287,0.049890,0.331173,0.080902,0.344047,0.076068,0.750873,0.055147
Caspase3_HEPG2,PFG_min_dist_to_barycenter+mol,RandomForest,0.756727,0.053774,0.263373,0.065341,0.252280,0.096077,0.630580,0.054565
Caspase3_HEPG2,PFG_total_component,GradientBoosting,0.618327,0.060139,0.153447,0.038102,0.084173,0.066554,0.568180,0.053316
Caspase3_HEPG2,PFG_total_component,RandomForest,0.631080,0.049112,0.166607,0.042557,0.095727,0.053271,0.575233,0.040495
Caspase3_HEPG2,PFG_total_component+mol,GradientBoosting,0.816247,0.044079,0.360747,0.081455,0.347820,0.089120,0.751473,0.060527
Caspase3_HEPG2,PFG_total_component+mol,RandomForest,0.756813,0.055433,0.275820,0.078426,0.271753,0.098241,0.643820,0.055829
Caspase3_HEPG2,TxP_PFAS,GradientBoosting,0.552027,0.035969,0.114253,0.012781,0.066160,0.048877,0.551207,0.038869
Caspase3_HEPG2,TxP_PFAS,RandomForest,0.577393,0.043798,0.128007,0.020338,0.051627,0.067149,0.543120,0.055000
Caspase3_HEPG2,TxP_PFAS+g51g52_total,GradientBoosting,0.583453,0.030801,0.132187,0.023851,0.084207,0.051685,0.567787,0.041314
Caspase3_HEPG2,TxP_PFAS+g51g52_total,RandomForest,0.585520,0.038840,0.155107,0.039733,0.064407,0.051819,0.553920,0.042955
DT40_genotoxicity,PFG_EGR,GradientBoosting,0.576873,0.034765,0.561607,0.022680,0.102633,0.057789,0.541493,0.022956
DT40_genotoxicity,PFG_EGR,RandomForest,0.547860,0.031378,0.541327,0.022806,0.067153,0.052937,0.529927,0.024428
DT40_genotoxicity,PFG_EGR+branch+mol,GradientBoosting,0.725973,0.024240,0.734180,0.029518,0.304860,0.048414,0.651447,0.025048
DT40_genotoxicity,PFG_EGR+branch+mol,RandomForest,0.705160,0.027949,0.711107,0.035747,0.304547,0.047232,0.651067,0.023250
DT40_genotoxicity,PFG_EGR+mol,GradientBoosting,0.726033,0.024343,0.734620,0.029778,0.304073,0.048329,0.651073,0.025002
DT40_genotoxicity,PFG_EGR+mol,RandomForest,0.704920,0.029339,0.709447,0.037974,0.301273,0.049553,0.649533,0.024260
DT40_genotoxicity,PFG_EGR+ring+mol,GradientBoosting,0.729040,0.024187,0.737767,0.031075,0.304487,0.045462,0.651313,0.023095
DT40_genotoxicity,PFG_EGR+ring+mol,RandomForest,0.702687,0.030577,0.707640,0.038287,0.299400,0.052192,0.648533,0.026060
DT40_genotoxicity,PFG_EGR+spacer+mol,GradientBoosting,0.726033,0.024343,0.734620,0.029778,0.304073,0.048329,0.651073,0.025002
DT40_genotoxicity,PFG_EGR+spacer+mol,RandomForest,0.705600,0.030202,0.711260,0.038459,0.309180,0.054532,0.653407,0.026803
DT40_genotoxicity,PFG_EGR+spacer+ring+mol,GradientBoosting,0.729040,0.024187,0.737767,0.031075,0.304487,0.045462,0.651313,0.023095
DT40_genotoxicity,PFG_EGR+spacer+ring+mol,RandomForest,0.702513,0.029687,0.708380,0.036173,0.298620,0.045503,0.648200,0.022530
DT40_genotoxicity,PFG_EGR_4X,GradientBoosting,0.565340,0.031880,0.554593,0.023162,0.095080,0.053745,0.539287,0.017657
DT40_genotoxicity,PFG_EGR_4X,RandomForest,0.521040,0.027517,0.523800,0.018320,0.036680,0.049476,0.518033,0.024177
DT40_genotoxicity,PFG_EGR_4X+mol,GradientBoosting,0.734227,0.030532,0.739293,0.037038,0.317013,0.058697,0.657407,0.030030
DT40_genotoxicity,PFG_EGR_4X+mol,RandomForest,0.702113,0.032322,0.695813,0.039324,0.297607,0.070592,0.647440,0.034804
DT40_genotoxicity,PFG_binary,GradientBoosting,0.589487,0.042579,0.580900,0.030693,0.142867,0.080244,0.569773,0.039507
DT40_genotoxicity,PFG_binary,RandomForest,0.548847,0.041323,0.552067,0.025892,0.097847,0.088770,0.545387,0.041876
DT40_genotoxicity,PFG_binary+mol,GradientBoosting,0.727933,0.023328,0.739133,0.028916,0.307527,0.053333,0.652833,0.027082
DT40_genotoxicity,PFG_binary+mol,RandomForest,0.708820,0.027187,0.710313,0.032832,0.306007,0.048193,0.652027,0.023829
DT40_genotoxicity,PFG_min_dist_to_barycenter,GradientBoosting,0.500000,0.000000,0.513100,0.000000,0.000000,0.000000,0.500000,0.000000
DT40_genotoxicity,PFG_min_dist_to_barycenter,RandomForest,0.520340,0.006474,0.525100,0.003384,0.131347,0.029094,0.522100,0.005109
DT40_genotoxicity,PFG_min_dist_to_barycenter+mol,GradientBoosting,0.731707,0.025490,0.741507,0.028609,0.315553,0.055674,0.656540,0.027981
DT40_genotoxicity,PFG_min_dist_to_barycenter+mol,RandomForest,0.707233,0.029385,0.712167,0.037794,0.313560,0.049631,0.655533,0.024346
DT40_genotoxicity,PFG_total_component,GradientBoosting,0.599700,0.046929,0.600060,0.039262,0.136660,0.070478,0.566853,0.034503
DT40_genotoxicity,PFG_total_component,RandomForest,0.592173,0.040677,0.601513,0.032151,0.119647,0.080747,0.558613,0.039316
DT40_genotoxicity,PFG_total_component+mol,GradientBoosting,0.729360,0.023496,0.740447,0.028866,0.309313,0.051649,0.653633,0.025986
DT40_genotoxicity,PFG_total_component+mol,RandomForest,0.708213,0.029076,0.711653,0.036611,0.321687,0.049859,0.659720,0.024712
DT40_genotoxicity,TxP_PFAS,GradientBoosting,0.598120,0.047247,0.583993,0.034686,0.193167,0.099832,0.588480,0.046161
DT40_genotoxicity,TxP_PFAS,RandomForest,0.591193,0.041877,0.583687,0.025346,0.168113,0.092663,0.575887,0.041407
DT40_genotoxicity,TxP_PFAS+g51g52_total,GradientBoosting,0.578347,0.035974,0.578880,0.029196,0.114980,0.070428,0.552520,0.032040
DT40_genotoxicity,TxP_PFAS+g51g52_total,RandomForest,0.597073,0.041299,0.597973,0.026756,0.145220,0.079008,0.566733,0.035478
ERa_agonist,PFG_EGR,GradientBoosting,0.523833,0.047863,0.117147,0.012738,0.013067,0.061325,0.504860,0.043109
ERa_agonist,PFG_EGR,RandomForest,0.518627,0.050296,0.115400,0.011751,-0.005273,0.062671,0.497020,0.047036
ERa_agonist,PFG_EGR+branch+mol,GradientBoosting,0.508047,0.052484,0.128487,0.031042,0.023633,0.086408,0.519627,0.065700
ERa_agonist,PFG_EGR+branch+mol,RandomForest,0.515260,0.077196,0.121267,0.023292,-0.000373,0.061548,0.500740,0.039646
ERa_agonist,PFG_EGR+mol,GradientBoosting,0.505373,0.058276,0.128273,0.031844,0.018760,0.093583,0.515800,0.071352
ERa_agonist,PFG_EGR+mol,RandomForest,0.516400,0.077339,0.121607,0.023205,0.000793,0.068420,0.501367,0.044418
ERa_agonist,PFG_EGR+ring+mol,GradientBoosting,0.502993,0.057206,0.126300,0.031564,0.019027,0.090326,0.515993,0.068947
ERa_agonist,PFG_EGR+ring+mol,RandomForest,0.510380,0.078655,0.119600,0.023042,-0.009033,0.052730,0.494220,0.033894
ERa_agonist,PFG_EGR+spacer+mol,GradientBoosting,0.505373,0.058276,0.128273,0.031844,0.018760,0.093583,0.515800,0.071352
ERa_agonist,PFG_EGR+spacer+mol,RandomForest,0.519393,0.080982,0.122387,0.024344,-0.000693,0.057813,0.499860,0.035696
ERa_agonist,PFG_EGR+spacer+ring+mol,GradientBoosting,0.502993,0.057206,0.126300,0.031564,0.019027,0.090326,0.515993,0.068947
ERa_agonist,PFG_EGR+spacer+ring+mol,RandomForest,0.506880,0.077384,0.118227,0.022779,-0.011680,0.057232,0.492833,0.036349
ERa_agonist,PFG_EGR_4X,GradientBoosting,0.522007,0.045807,0.120260,0.021240,0.039833,0.067060,0.523787,0.046354
ERa_agonist,PFG_EGR_4X,RandomForest,0.533580,0.068845,0.119947,0.017149,0.010633,0.070373,0.508013,0.051900
ERa_agonist,PFG_EGR_4X+mol,GradientBoosting,0.531267,0.062300,0.133247,0.035965,0.036487,0.091631,0.529913,0.068544
ERa_agonist,PFG_EGR_4X+mol,RandomForest,0.537667,0.082661,0.126047,0.024489,0.001480,0.072101,0.502873,0.047092
ERa_agonist,PFG_binary,GradientBoosting,0.491447,0.056666,0.111133,0.013438,-0.012447,0.059497,0.489660,0.044668
ERa_agonist,PFG_binary,RandomForest,0.508607,0.035480,0.117887,0.009301,-0.015360,0.057987,0.492253,0.038237
ERa_agonist,PFG_binary+mol,GradientBoosting,0.509967,0.055208,0.124673,0.021072,0.015773,0.087272,0.513753,0.065138
ERa_agonist,PFG_binary+mol,RandomForest,0.512367,0.073832,0.120753,0.023297,-0.010047,0.054199,0.493827,0.033884
ERa_agonist,PFG_min_dist_to_barycenter,GradientBoosting,0.500000,0.000000,0.108167,0.002537,0.000000,0.000000,0.500000,0.000000
ERa_agonist,PFG_min_dist_to_barycenter,RandomForest,0.502513,0.014601,0.109160,0.003616,-0.018540,0.015333,0.497353,0.003136
ERa_agonist,PFG_min_dist_to_barycenter+mol,GradientBoosting,0.506007,0.057359,0.130927,0.036422,0.010880,0.080215,0.510120,0.060730
ERa_agonist,PFG_min_dist_to_barycenter+mol,RandomForest,0.520967,0.075617,0.123120,0.023495,0.008987,0.057258,0.506767,0.037334
ERa_agonist,PFG_total_component,GradientBoosting,0.529420,0.051567,0.127953,0.019425,0.054427,0.052500,0.544307,0.040022
ERa_agonist,PFG_total_component,RandomForest,0.528940,0.050269,0.125007,0.018186,0.037727,0.069878,0.532433,0.049822
ERa_agonist,PFG_total_component+mol,GradientBoosting,0.512273,0.059017,0.126800,0.029278,0.028780,0.088283,0.524200,0.065676
ERa_agonist,PFG_total_component+mol,RandomForest,0.519833,0.072803,0.121727,0.023401,-0.003093,0.060138,0.498387,0.038035
ERa_agonist,TxP_PFAS,GradientBoosting,0.530913,0.066254,0.131207,0.020231,0.045273,0.045213,0.531320,0.030110
ERa_agonist,TxP_PFAS,RandomForest,0.534487,0.070540,0.147547,0.034222,0.034880,0.060768,0.522473,0.040923
ERa_agonist,TxP_PFAS+g51g52_total,GradientBoosting,0.566780,0.057386,0.144500,0.027617,0.053687,0.068205,0.540353,0.048412
ERa_agonist,TxP_PFAS+g51g52_total,RandomForest,0.553100,0.062212,0.159160,0.038023,0.048453,0.076897,0.533173,0.046107
ERa_antagonist,PFG_EGR,GradientBoosting,0.494020,0.037898,0.236053,0.021651,-0.029700,0.062328,0.482593,0.035875
ERa_antagonist,PFG_EGR,RandomForest,0.529667,0.034583,0.274727,0.032590,0.016620,0.065085,0.503160,0.026139
ERa_antagonist,PFG_EGR+branch+mol,GradientBoosting,0.654233,0.036901,0.357573,0.044173,0.193787,0.066602,0.611813,0.038555
ERa_antagonist,PFG_EGR+branch+mol,RandomForest,0.561267,0.037401,0.331307,0.038323,0.134300,0.049231,0.560693,0.021694
ERa_antagonist,PFG_EGR+mol,GradientBoosting,0.652680,0.038896,0.356053,0.043994,0.194820,0.069011,0.612167,0.039801
ERa_antagonist,PFG_EGR+mol,RandomForest,0.558373,0.037085,0.328593,0.036640,0.138273,0.053863,0.562480,0.024962
ERa_antagonist,PFG_EGR+ring+mol,GradientBoosting,0.653640,0.037992,0.357440,0.044069,0.198173,0.068068,0.614287,0.039379
ERa_antagonist,PFG_EGR+ring+mol,RandomForest,0.564720,0.039102,0.335440,0.041021,0.148320,0.065815,0.566307,0.029062
ERa_antagonist,PFG_EGR+spacer+mol,GradientBoosting,0.652680,0.038896,0.356053,0.043994,0.194820,0.069011,0.612167,0.039801
ERa_antagonist,PFG_EGR+spacer+mol,RandomForest,0.556120,0.039475,0.326513,0.040821,0.137173,0.044703,0.562260,0.020351
ERa_antagonist,PFG_EGR+spacer+ring+mol,GradientBoosting,0.653640,0.037992,0.357440,0.044069,0.198173,0.068068,0.614287,0.039379
ERa_antagonist,PFG_EGR+spacer+ring+mol,RandomForest,0.561920,0.042387,0.329753,0.043292,0.139507,0.063367,0.562080,0.027806
ERa_antagonist,PFG_EGR_4X,GradientBoosting,0.501753,0.033548,0.240040,0.023612,-0.013680,0.056394,0.491613,0.028888
ERa_antagonist,PFG_EGR_4X,RandomForest,0.514433,0.041202,0.266020,0.031363,0.014087,0.075721,0.501953,0.031096
ERa_antagonist,PFG_EGR_4X+mol,GradientBoosting,0.626100,0.036850,0.319160,0.044987,0.139387,0.068425,0.581160,0.039605
ERa_antagonist,PFG_EGR_4X+mol,RandomForest,0.588293,0.025074,0.312973,0.036161,0.081280,0.048697,0.538180,0.023693
ERa_antagonist,PFG_binary,GradientBoosting,0.594620,0.024855,0.287087,0.018775,0.168773,0.033065,0.599080,0.018986
ERa_antagonist,PFG_binary,RandomForest,0.616420,0.035039,0.343873,0.044859,0.174767,0.037279,0.594800,0.023639
ERa_antagonist,PFG_binary+mol,GradientBoosting,0.653980,0.042172,0.384307,0.057851,0.210240,0.064550,0.620193,0.036647
ERa_antagonist,PFG_binary+mol,RandomForest,0.586667,0.039676,0.373367,0.044605,0.177340,0.071585,0.578020,0.031835
ERa_antagonist,PFG_min_dist_to_barycenter,GradientBoosting,0.500000,0.000000,0.223367,0.002537,0.000000,0.000000,0.500000,0.000000
ERa_antagonist,PFG_min_dist_to_barycenter,RandomForest,0.527827,0.014289,0.261587,0.017637,0.160007,0.060961,0.521200,0.011082
ERa_antagonist,PFG_min_dist_to_barycenter+mol,GradientBoosting,0.644580,0.051322,0.350647,0.051600,0.174140,0.077125,0.600173,0.044775
ERa_antagonist,PFG_min_dist_to_barycenter+mol,RandomForest,0.557273,0.038185,0.327993,0.041781,0.127993,0.047048,0.557987,0.022067
ERa_antagonist,PFG_total_component,GradientBoosting,0.601453,0.026840,0.302573,0.025519,0.177060,0.024359,0.604700,0.014843
ERa_antagonist,PFG_total_component,RandomForest,0.611933,0.048431,0.337693,0.043132,0.173053,0.046099,0.596000,0.029341
ERa_antagonist,PFG_total_component+mol,GradientBoosting,0.657733,0.038960,0.387273,0.057199,0.214280,0.056368,0.622380,0.033488
ERa_antagonist,PFG_total_component+mol,RandomForest,0.589653,0.034605,0.377413,0.044363,0.193547,0.065780,0.586120,0.028679
ERa_antagonist,TxP_PFAS,GradientBoosting,0.589113,0.023672,0.279113,0.020451,0.137540,0.046087,0.580013,0.026937
ERa_antagonist,TxP_PFAS,RandomForest,0.614747,0.040972,0.337400,0.044623,0.152967,0.061762,0.583300,0.036955
ERa_antagonist,TxP_PFAS+g51g52_total,GradientBoosting,0.611273,0.036422,0.307200,0.033397,0.162313,0.049913,0.592580,0.029197
ERa_antagonist,TxP_PFAS+g51g52_total,RandomForest,0.610400,0.047610,0.336213,0.050572,0.158113,0.053491,0.583800,0.031628
MMP_ratio,PFG_EGR,GradientBoosting,0.572833,0.026462,0.310700,0.017771,0.126607,0.054804,0.570327,0.030469
MMP_ratio,PFG_EGR,RandomForest,0.609447,0.030552,0.349327,0.031928,0.183200,0.055195,0.602800,0.030767
MMP_ratio,PFG_EGR+branch+mol,GradientBoosting,0.686320,0.030531,0.493747,0.033817,0.268267,0.063914,0.643867,0.033582
MMP_ratio,PFG_EGR+branch+mol,RandomForest,0.643107,0.045816,0.454207,0.064070,0.262187,0.064284,0.621987,0.035199
MMP_ratio,PFG_EGR+mol,GradientBoosting,0.686553,0.031236,0.494067,0.034070,0.269713,0.065435,0.644480,0.034431
MMP_ratio,PFG_EGR+mol,RandomForest,0.642273,0.042244,0.452747,0.059418,0.252893,0.067690,0.617753,0.036219
MMP_ratio,PFG_EGR+ring+mol,GradientBoosting,0.685067,0.031656,0.491113,0.035108,0.267927,0.062679,0.643293,0.032501
MMP_ratio,PFG_EGR+ring+mol,RandomForest,0.641920,0.038754,0.455987,0.059945,0.264220,0.061560,0.622853,0.033685
MMP_ratio,PFG_EGR+spacer+mol,GradientBoosting,0.686553,0.031236,0.494067,0.034070,0.269713,0.065435,0.644480,0.034431
MMP_ratio,PFG_EGR+spacer+mol,RandomForest,0.639573,0.044262,0.451007,0.062674,0.253220,0.067689,0.618160,0.036349
MMP_ratio,PFG_EGR+spacer+ring+mol,GradientBoosting,0.685067,0.031656,0.491113,0.035108,0.267927,0.062679,0.643293,0.032501
MMP_ratio,PFG_EGR+spacer+ring+mol,RandomForest,0.642500,0.040587,0.455560,0.060806,0.253987,0.071332,0.617873,0.038315
MMP_ratio,PFG_EGR_4X,GradientBoosting,0.547887,0.023588,0.296520,0.017203,0.069240,0.047891,0.538607,0.026550
MMP_ratio,PFG_EGR_4X,RandomForest,0.570213,0.034986,0.330747,0.030177,0.107187,0.058308,0.559540,0.032631
MMP_ratio,PFG_EGR_4X+mol,GradientBoosting,0.685147,0.031237,0.481007,0.045950,0.259733,0.052147,0.641433,0.030447
MMP_ratio,PFG_EGR_4X+mol,RandomForest,0.628513,0.035302,0.442580,0.041944,0.228200,0.051527,0.607240,0.025846
MMP_ratio,PFG_binary,GradientBoosting,0.657900,0.035018,0.416047,0.049233,0.301380,0.063630,0.659747,0.037493
MMP_ratio,PFG_binary,RandomForest,0.674187,0.027314,0.476447,0.039786,0.311080,0.054748,0.660033,0.029716
MMP_ratio,PFG_binary+mol,GradientBoosting,0.692960,0.031231,0.496493,0.039366,0.274513,0.057186,0.645693,0.030892
MMP_ratio,PFG_binary+mol,RandomForest,0.655140,0.040453,0.469667,0.059316,0.280140,0.066503,0.629360,0.035571
MMP_ratio,PFG_min_dist_to_barycenter,GradientBoosting,0.500000,0.000000,0.270533,0.002586,0.000000,0.000000,0.500000,0.000000
MMP_ratio,PFG_min_dist_to_barycenter,RandomForest,0.529827,0.020407,0.301673,0.019332,0.137473,0.100928,0.515960,0.016672
MMP_ratio,PFG_min_dist_to_barycenter+mol,GradientBoosting,0.682573,0.031543,0.486193,0.035415,0.264507,0.067251,0.641313,0.034903
MMP_ratio,PFG_min_dist_to_barycenter+mol,RandomForest,0.639640,0.042354,0.444560,0.059762,0.249787,0.063597,0.617373,0.034806
MMP_ratio,PFG_total_component,GradientBoosting,0.670913,0.029410,0.465100,0.032645,0.250120,0.050722,0.636387,0.029990
MMP_ratio,PFG_total_component,RandomForest,0.694467,0.040581,0.487327,0.041737,0.322187,0.046968,0.668833,0.028269
MMP_ratio,PFG_total_component+mol,GradientBoosting,0.695633,0.030787,0.501820,0.039687,0.282380,0.060067,0.649400,0.031997
MMP_ratio,PFG_total_component+mol,RandomForest,0.658180,0.037331,0.471873,0.053772,0.282827,0.056241,0.630273,0.029926
MMP_ratio,TxP_PFAS,GradientBoosting,0.664587,0.039580,0.440580,0.037842,0.294500,0.065851,0.654993,0.035928
MMP_ratio,TxP_PFAS,RandomForest,0.693447,0.028670,0.494887,0.039933,0.309900,0.046573,0.657040,0.025147
MMP_ratio,TxP_PFAS+g51g52_total,GradientBoosting,0.675020,0.039647,0.493213,0.049451,0.312593,0.049437,0.662140,0.029260
MMP_ratio,TxP_PFAS+g51g52_total,RandomForest,0.685667,0.036237,0.475500,0.043225,0.303000,0.038559,0.653900,0.023122
TR_antagonist,PFG_EGR,GradientBoosting,0.554047,0.025996,0.420007,0.016729,0.064613,0.053729,0.526047,0.021549
TR_antagonist,PFG_EGR,RandomForest,0.558300,0.024656,0.429280,0.016968,0.081673,0.043687,0.539513,0.022199
TR_antagonist,PFG_EGR+branch+mol,GradientBoosting,0.731393,0.039520,0.647193,0.043995,0.405387,0.078473,0.704180,0.037827
TR_antagonist,PFG_EGR+branch+mol,RandomForest,0.698467,0.030545,0.604947,0.050615,0.311147,0.074375,0.653273,0.034892
TR_antagonist,PFG_EGR+mol,GradientBoosting,0.731887,0.039726,0.647360,0.044037,0.405387,0.078473,0.704180,0.037827
TR_antagonist,PFG_EGR+mol,RandomForest,0.699820,0.030642,0.606753,0.048487,0.320687,0.062817,0.658147,0.029417
TR_antagonist,PFG_EGR+ring+mol,GradientBoosting,0.731533,0.039789,0.647147,0.043587,0.402013,0.076649,0.702793,0.037139
TR_antagonist,PFG_EGR+ring+mol,RandomForest,0.699380,0.033064,0.606927,0.052075,0.305707,0.064748,0.649807,0.029712
TR_antagonist,PFG_EGR+spacer+mol,GradientBoosting,0.731887,0.039726,0.647360,0.044037,0.405387,0.078473,0.704180,0.037827
TR_antagonist,PFG_EGR+spacer+mol,RandomForest,0.701720,0.031496,0.607353,0.053376,0.316853,0.066866,0.656060,0.031212
TR_antagonist,PFG_EGR+spacer+ring+mol,GradientBoosting,0.731533,0.039789,0.647147,0.043587,0.402013,0.076649,0.702793,0.037139
TR_antagonist,PFG_EGR+spacer+ring+mol,RandomForest,0.697980,0.034232,0.606520,0.052960,0.306953,0.069489,0.650580,0.031788
TR_antagonist,PFG_EGR_4X,GradientBoosting,0.532340,0.036132,0.407973,0.019821,0.034453,0.059583,0.514387,0.026186
TR_antagonist,PFG_EGR_4X,RandomForest,0.512000,0.042186,0.401433,0.024208,0.024993,0.059023,0.511887,0.029463
TR_antagonist,PFG_EGR_4X+mol,GradientBoosting,0.735760,0.025574,0.622707,0.044700,0.395727,0.057070,0.699993,0.028782
TR_antagonist,PFG_EGR_4X+mol,RandomForest,0.708687,0.029963,0.611407,0.046686,0.336873,0.069772,0.665387,0.031685
TR_antagonist,PFG_binary,GradientBoosting,0.613867,0.022329,0.488280,0.021824,0.139053,0.036276,0.567373,0.019965
TR_antagonist,PFG_binary,RandomForest,0.603500,0.031158,0.475640,0.028296,0.132453,0.048891,0.564040,0.024492
TR_antagonist,PFG_binary+mol,GradientBoosting,0.734013,0.037412,0.647547,0.040798,0.399853,0.074299,0.700627,0.034629
TR_antagonist,PFG_binary+mol,RandomForest,0.710087,0.031243,0.625060,0.046922,0.322933,0.058830,0.657107,0.026218
TR_antagonist,PFG_min_dist_to_barycenter,GradientBoosting,0.500000,0.000000,0.385667,0.002537,0.000000,0.000000,0.500000,0.000000
TR_antagonist,PFG_min_dist_to_barycenter,RandomForest,0.505520,0.013735,0.393267,0.009812,0.018527,0.064360,0.503033,0.009575
TR_antagonist,PFG_min_dist_to_barycenter+mol,GradientBoosting,0.733927,0.036369,0.649293,0.041355,0.395533,0.069272,0.698653,0.032371
TR_antagonist,PFG_min_dist_to_barycenter+mol,RandomForest,0.700600,0.031351,0.610047,0.052670,0.324427,0.070481,0.659700,0.032139
TR_antagonist,PFG_total_component,GradientBoosting,0.630007,0.025547,0.522080,0.034418,0.173660,0.039650,0.584540,0.018519
TR_antagonist,PFG_total_component,RandomForest,0.628787,0.024505,0.525553,0.036314,0.193800,0.047953,0.593407,0.022452
TR_antagonist,PFG_total_component+mol,GradientBoosting,0.732773,0.036969,0.649800,0.045026,0.409987,0.085919,0.706680,0.041437
TR_antagonist,PFG_total_component+mol,RandomForest,0.710180,0.031584,0.627087,0.050021,0.330627,0.061081,0.660873,0.026892
TR_antagonist,TxP_PFAS,GradientBoosting,0.630860,0.026993,0.494187,0.028357,0.163127,0.043588,0.576367,0.021259
TR_antagonist,TxP_PFAS,RandomForest,0.632653,0.024801,0.499713,0.023823,0.165787,0.044213,0.580513,0.020954
TR_antagonist,TxP_PFAS+g51g52_total,GradientBoosting,0.621767,0.028051,0.502327,0.031240,0.152140,0.050595,0.574073,0.024275
TR_antagonist,TxP_PFAS+g51g52_total,RandomForest,0.624593,0.025222,0.505773,0.026176,0.154253,0.049696,0.575407,0.024020
p53_ratio,PFG_EGR,GradientBoosting,0.531700,0.039097,0.134373,0.008837,0.065407,0.075060,0.533447,0.046598
p53_ratio,PFG_EGR,RandomForest,0.543653,0.047465,0.142080,0.016292,0.036113,0.063437,0.521927,0.042591
p53_ratio,PFG_EGR+branch+mol,GradientBoosting,0.675440,0.055010,0.246247,0.041481,0.197927,0.080898,0.634967,0.056227
p53_ratio,PFG_EGR+branch+mol,RandomForest,0.597260,0.038775,0.212040,0.034564,0.090087,0.083855,0.546487,0.044183
p53_ratio,PFG_EGR+mol,GradientBoosting,0.676913,0.054131,0.247047,0.040704,0.196347,0.080558,0.633780,0.055918
p53_ratio,PFG_EGR+mol,RandomForest,0.596700,0.035404,0.212567,0.038524,0.101933,0.091347,0.553227,0.048825
p53_ratio,PFG_EGR+ring+mol,GradientBoosting,0.670920,0.054738,0.243447,0.033470,0.197307,0.067299,0.633993,0.048376
p53_ratio,PFG_EGR+ring+mol,RandomForest,0.607213,0.040021,0.217520,0.036919,0.102360,0.081303,0.550880,0.041806
p53_ratio,PFG_EGR+spacer+mol,GradientBoosting,0.676913,0.054131,0.247047,0.040704,0.196347,0.080558,0.633780,0.055918
p53_ratio,PFG_EGR+spacer+mol,RandomForest,0.597980,0.046381,0.211987,0.039239,0.105040,0.088924,0.554427,0.047562
p53_ratio,PFG_EGR+spacer+ring+mol,GradientBoosting,0.670920,0.054738,0.243447,0.033470,0.197307,0.067299,0.633993,0.048376
p53_ratio,PFG_EGR+spacer+ring+mol,RandomForest,0.607400,0.040825,0.219907,0.041159,0.112140,0.090764,0.555653,0.046040
p53_ratio,PFG_EGR_4X,GradientBoosting,0.551773,0.057363,0.147653,0.017949,0.057340,0.067409,0.542387,0.048211
p53_ratio,PFG_EGR_4X,RandomForest,0.518700,0.055519,0.138907,0.019596,0.037093,0.070387,0.527693,0.051064
p53_ratio,PFG_EGR_4X+mol,GradientBoosting,0.663220,0.067451,0.301173,0.070687,0.215473,0.099510,0.639053,0.067728
p53_ratio,PFG_EGR_4X+mol,RandomForest,0.623960,0.055989,0.257267,0.067067,0.148487,0.073964,0.570947,0.038744
p53_ratio,PFG_binary,GradientBoosting,0.585920,0.044348,0.169740,0.019217,0.072947,0.077129,0.549713,0.054658
p53_ratio,PFG_binary,RandomForest,0.617353,0.073193,0.176867,0.024132,0.105833,0.079711,0.571640,0.055481
p53_ratio,PFG_binary+mol,GradientBoosting,0.666700,0.069697,0.262953,0.059809,0.232593,0.081407,0.654887,0.056011
p53_ratio,PFG_binary+mol,RandomForest,0.611073,0.043023,0.220340,0.033814,0.120000,0.084812,0.558847,0.043311
p53_ratio,PFG_min_dist_to_barycenter,GradientBoosting,0.500000,0.000000,0.125700,0.000000,0.000000,0.000000,0.500000,0.000000
p53_ratio,PFG_min_dist_to_barycenter,RandomForest,0.501633,0.007580,0.126627,0.002001,-0.001180,0.036164,0.500647,0.008329
p53_ratio,PFG_min_dist_to_barycenter+mol,GradientBoosting,0.664187,0.061497,0.243160,0.048389,0.191273,0.073083,0.628253,0.050477
p53_ratio,PFG_min_dist_to_barycenter+mol,RandomForest,0.589460,0.041318,0.209660,0.036842,0.099700,0.084772,0.552227,0.045592
p53_ratio,PFG_total_component,GradientBoosting,0.585113,0.052815,0.209960,0.051444,0.067880,0.071033,0.547227,0.050515
p53_ratio,PFG_total_component,RandomForest,0.575040,0.053037,0.188947,0.034194,0.031020,0.055677,0.517873,0.037088
p53_ratio,PFG_total_component+mol,GradientBoosting,0.672700,0.059336,0.267173,0.057170,0.219753,0.079797,0.646147,0.053755
p53_ratio,PFG_total_component+mol,RandomForest,0.613680,0.041762,0.225013,0.035455,0.124460,0.090838,0.561420,0.047029
p53_ratio,TxP_PFAS,GradientBoosting,0.620660,0.039737,0.181400,0.021594,0.085913,0.059815,0.559400,0.041964
p53_ratio,TxP_PFAS,RandomForest,0.641340,0.047550,0.249460,0.048686,0.133907,0.089612,0.589393,0.061532
p53_ratio,TxP_PFAS+g51g52_total,GradientBoosting,0.627487,0.036671,0.240233,0.047028,0.083020,0.057794,0.557713,0.039849
p53_ratio,TxP_PFAS+g51g52_total,RandomForest,0.617980,0.055083,0.256953,0.060935,0.133820,0.110272,0.563573,0.055035
AR_agonist,PFG_EGR,both,0.655537,0.042724,0.192250,0.038241,0.166397,0.045577,0.633337,0.037043
AR_agonist,PFG_EGR+branch+mol,both,0.756550,0.037559,0.303413,0.054832,0.269233,0.047683,0.683540,0.033972
AR_agonist,PFG_EGR+mol,both,0.757083,0.038310,0.300623,0.057039,0.271383,0.050294,0.685143,0.035990
AR_agonist,PFG_EGR+ring+mol,both,0.759000,0.037952,0.304477,0.056714,0.271583,0.050270,0.684783,0.035896
AR_agonist,PFG_EGR+spacer+mol,both,0.755987,0.037615,0.300543,0.055196,0.269283,0.047789,0.683573,0.034028
AR_agonist,PFG_EGR+spacer+ring+mol,both,0.758363,0.037061,0.304103,0.055338,0.270483,0.048142,0.683950,0.034433
AR_agonist,PFG_EGR_4X,both,0.644133,0.045698,0.191947,0.044227,0.164750,0.050669,0.631713,0.040694
AR_agonist,PFG_EGR_4X+mol,both,0.745893,0.046884,0.296580,0.064424,0.264530,0.065785,0.676743,0.044977
AR_agonist,PFG_binary,both,0.703100,0.037811,0.251620,0.031176,0.318480,0.044907,0.708143,0.029275
AR_agonist,PFG_binary+mol,both,0.752833,0.037165,0.299450,0.052440,0.267110,0.054716,0.681640,0.038284
AR_agonist,PFG_min_dist_to_barycenter,both,0.509097,0.003333,0.110007,0.002824,0.031417,0.006267,0.509097,0.003333
AR_agonist,PFG_min_dist_to_barycenter+mol,both,0.758150,0.036443,0.299877,0.059251,0.268727,0.047582,0.684233,0.034952
AR_agonist,PFG_total_component,both,0.736783,0.051535,0.285437,0.046782,0.322367,0.051034,0.720397,0.036262
AR_agonist,PFG_total_component+mol,both,0.756457,0.038701,0.297087,0.053988,0.269850,0.056992,0.684097,0.038460
AR_agonist,TxP_PFAS,both,0.745783,0.060181,0.463317,0.105438,0.502497,0.095342,0.734183,0.050706
AR_agonist,TxP_PFAS+g51g52_total,both,0.760997,0.053041,0.506713,0.098661,0.493463,0.061551,0.754463,0.038261
AR_antagonist,PFG_EGR,both,0.571463,0.030708,0.350210,0.020822,0.107497,0.063489,0.558363,0.034657
AR_antagonist,PFG_EGR+branch+mol,both,0.668797,0.038922,0.477717,0.050574,0.243910,0.069316,0.623087,0.034087
AR_antagonist,PFG_EGR+mol,both,0.667927,0.039303,0.477107,0.049109,0.240953,0.065953,0.621520,0.032353
AR_antagonist,PFG_EGR+ring+mol,both,0.669140,0.037874,0.478013,0.048383,0.249950,0.065452,0.625817,0.032127
AR_antagonist,PFG_EGR+spacer+mol,both,0.668820,0.038928,0.476470,0.049502,0.249407,0.061580,0.625613,0.030404
AR_antagonist,PFG_EGR+spacer+ring+mol,both,0.669323,0.038320,0.478737,0.047607,0.250033,0.064617,0.625773,0.031803
AR_antagonist,PFG_EGR_4X,both,0.510903,0.041412,0.313343,0.021647,0.012530,0.065500,0.505127,0.032818
AR_antagonist,PFG_EGR_4X+mol,both,0.674683,0.035001,0.496760,0.047891,0.249320,0.061443,0.626480,0.029761
AR_antagonist,PFG_binary,both,0.591727,0.043500,0.397530,0.035043,0.146583,0.079271,0.574433,0.039579
AR_antagonist,PFG_binary+mol,both,0.674113,0.039405,0.488133,0.053910,0.253717,0.065737,0.627433,0.033035
AR_antagonist,PFG_min_dist_to_barycenter,both,0.500850,0.006358,0.303220,0.003978,0.013057,0.031708,0.502057,0.005786
AR_antagonist,PFG_min_dist_to_barycenter+mol,both,0.667553,0.039917,0.474380,0.048842,0.246217,0.071167,0.624257,0.034943
AR_antagonist,PFG_total_component,both,0.626503,0.037934,0.427433,0.034946,0.182077,0.074702,0.594020,0.037632
AR_antagonist,PFG_total_component+mol,both,0.672317,0.041079,0.484013,0.054095,0.252570,0.069302,0.626610,0.034484
AR_antagonist,TxP_PFAS,both,0.628173,0.038028,0.423013,0.036496,0.216950,0.063854,0.613277,0.033885
AR_antagonist,TxP_PFAS+g51g52_total,both,0.630680,0.039832,0.439953,0.039220,0.212953,0.062845,0.611313,0.033192
AhR_agonist,PFG_EGR,both,0.573543,0.055708,0.080443,0.022378,0.079087,0.055424,0.578807,0.054618
AhR_agonist,PFG_EGR+branch+mol,both,0.603140,0.071639,0.116497,0.042659,0.124653,0.085030,0.598293,0.065277
AhR_agonist,PFG_EGR+mol,both,0.605147,0.072368,0.117747,0.043461,0.124723,0.086511,0.598293,0.066393
AhR_agonist,PFG_EGR+ring+mol,both,0.599207,0.076737,0.119767,0.044693,0.120517,0.089242,0.595143,0.069840
AhR_agonist,PFG_EGR+spacer+mol,both,0.602210,0.075817,0.117467,0.043505,0.123213,0.084858,0.596963,0.064741
AhR_agonist,PFG_EGR+spacer+ring+mol,both,0.600853,0.075814,0.119887,0.044932,0.121270,0.090687,0.595420,0.070160
AhR_agonist,PFG_EGR_4X,both,0.575120,0.072013,0.081783,0.021662,0.089480,0.068356,0.591303,0.069594
AhR_agonist,PFG_EGR_4X+mol,both,0.574573,0.057128,0.093497,0.019298,0.053530,0.057301,0.544813,0.042715
AhR_agonist,PFG_binary,both,0.600270,0.057364,0.086987,0.016745,0.078160,0.052002,0.581107,0.054145
AhR_agonist,PFG_binary+mol,both,0.611113,0.072814,0.116670,0.037365,0.120227,0.077821,0.593143,0.059625
AhR_agonist,PFG_min_dist_to_barycenter,both,0.503750,0.008692,0.059827,0.002748,-0.003540,0.017218,0.498550,0.006656
AhR_agonist,PFG_min_dist_to_barycenter+mol,both,0.599770,0.074986,0.118427,0.041684,0.126803,0.086038,0.599897,0.067007
AhR_agonist,PFG_total_component,both,0.612710,0.065874,0.106087,0.031369,0.098263,0.052415,0.596823,0.050235
AhR_agonist,PFG_total_component+mol,both,0.620443,0.067778,0.115073,0.035916,0.116750,0.083700,0.591513,0.065491
AhR_agonist,TxP_PFAS,both,0.631487,0.053967,0.093717,0.023210,0.096353,0.052189,0.599630,0.053536
AhR_agonist,TxP_PFAS+g51g52_total,both,0.635943,0.060409,0.092467,0.021140,0.106843,0.052022,0.611057,0.053276
Aromatase_antagonist,PFG_EGR,both,0.573457,0.025476,0.231097,0.013719,0.087080,0.038725,0.549430,0.021094
Aromatase_antagonist,PFG_EGR+branch+mol,both,0.654903,0.030606,0.325057,0.038243,0.183103,0.062381,0.600847,0.032141
Aromatase_antagonist,PFG_EGR+mol,both,0.656053,0.029690,0.325657,0.037501,0.183077,0.060771,0.601400,0.031790
Aromatase_antagonist,PFG_EGR+ring+mol,both,0.657417,0.029776,0.326740,0.038584,0.182193,0.062423,0.600077,0.031896
Aromatase_antagonist,PFG_EGR+spacer+mol,both,0.656923,0.030661,0.325160,0.037972,0.183853,0.059120,0.601183,0.030302
Aromatase_antagonist,PFG_EGR+spacer+ring+mol,both,0.657943,0.032263,0.325387,0.039295,0.184330,0.060558,0.601170,0.030675
Aromatase_antagonist,PFG_EGR_4X,both,0.516540,0.029674,0.209580,0.011958,0.033333,0.051487,0.516187,0.026864
Aromatase_antagonist,PFG_EGR_4X+mol,both,0.656923,0.026744,0.317783,0.040492,0.171293,0.053481,0.593720,0.026951
Aromatase_antagonist,PFG_binary,both,0.563293,0.038038,0.245400,0.023263,0.123677,0.066289,0.568633,0.036572
Aromatase_antagonist,PFG_binary+mol,both,0.657900,0.032980,0.332817,0.043313,0.186520,0.071668,0.599713,0.036945
Aromatase_antagonist,PFG_min_dist_to_barycenter,both,0.508643,0.002755,0.201823,0.000924,0.038270,0.011420,0.508593,0.002808
Aromatase_antagonist,PFG_min_dist_to_barycenter+mol,both,0.661997,0.027638,0.333650,0.038943,0.191170,0.061388,0.604127,0.030503
Aromatase_antagonist,PFG_total_component,both,0.621330,0.040650,0.294687,0.038959,0.173567,0.051153,0.603097,0.030457
Aromatase_antagonist,PFG_total_component+mol,both,0.661557,0.033551,0.340840,0.042790,0.195250,0.063214,0.604877,0.033159
Aromatase_antagonist,TxP_PFAS,both,0.604933,0.043161,0.263217,0.029569,0.140317,0.069945,0.580413,0.039641
Aromatase_antagonist,TxP_PFAS+g51g52_total,both,0.611367,0.041786,0.290757,0.038957,0.144483,0.054078,0.583057,0.030739
CYP2C19_antagonist,PFG_EGR,both,0.514827,0.033498,0.369500,0.020491,0.019067,0.074619,0.504040,0.030511
CYP2C19_antagonist,PFG_EGR+branch+mol,both,0.687900,0.028027,0.523483,0.037152,0.284690,0.052186,0.645280,0.026723
CYP2C19_antagonist,PFG_EGR+mol,both,0.688057,0.029064,0.523380,0.037898,0.284717,0.052748,0.645277,0.027054
CYP2C19_antagonist,PFG_EGR+ring+mol,both,0.687920,0.027756,0.523253,0.034840,0.283917,0.053874,0.644663,0.027796
CYP2C19_antagonist,PFG_EGR+spacer+mol,both,0.687293,0.028139,0.523097,0.037213,0.286727,0.049898,0.646210,0.025553
CYP2C19_antagonist,PFG_EGR+spacer+ring+mol,both,0.688387,0.028048,0.523330,0.035602,0.282017,0.051425,0.643603,0.026607
CYP2C19_antagonist,PFG_EGR_4X,both,0.551927,0.042013,0.385307,0.028293,0.081613,0.061464,0.539063,0.026559
CYP2C19_antagonist,PFG_EGR_4X+mol,both,0.692173,0.033107,0.539920,0.040822,0.310143,0.063260,0.657690,0.032466
CYP2C19_antagonist,PFG_binary,both,0.653090,0.041728,0.477677,0.035327,0.246367,0.063637,0.618980,0.030886
CYP2C19_antagonist,PFG_binary+mol,both,0.690623,0.028212,0.523393,0.036101,0.285790,0.059900,0.645943,0.030881
CYP2C19_antagonist,PFG_min_dist_to_barycenter,both,0.504910,0.004602,0.345617,0.004038,0.012457,0.030125,0.502740,0.004862
CYP2C19_antagonist,PFG_min_dist_to_barycenter+mol,both,0.687590,0.030010,0.523470,0.038424,0.289600,0.054367,0.647880,0.028039
CYP2C19_antagonist,PFG_total_component,both,0.638383,0.047005,0.473883,0.041830,0.217990,0.070785,0.608553,0.035985
CYP2C19_antagonist,PFG_total_component+mol,both,0.690043,0.028128,0.523540,0.037066,0.281300,0.060165,0.643303,0.031144
CYP2C19_antagonist,TxP_PFAS,both,0.659403,0.040011,0.483173,0.031733,0.264873,0.057609,0.629210,0.029012
CYP2C19_antagonist,TxP_PFAS+g51g52_total,both,0.640783,0.035586,0.476647,0.034275,0.235143,0.057474,0.615077,0.028799
CYP2C9_antagonist,PFG_EGR,both,0.518527,0.030067,0.546033,0.023039,0.044143,0.059957,0.515000,0.023925
CYP2C9_antagonist,PFG_EGR+branch+mol,both,0.741433,0.034404,0.728000,0.042318,0.362580,0.064605,0.680693,0.032219
CYP2C9_antagonist,PFG_EGR+mol,both,0.740963,0.033687,0.727627,0.042170,0.364217,0.061330,0.681530,0.030517
CYP2C9_antagonist,PFG_EGR+ring+mol,both,0.741247,0.034877,0.727423,0.042673,0.359543,0.062771,0.679243,0.031203
CYP2C9_antagonist,PFG_EGR+spacer+mol,both,0.740870,0.034287,0.728563,0.042233,0.362327,0.062968,0.680523,0.031351
CYP2C9_antagonist,PFG_EGR+spacer+ring+mol,both,0.741713,0.035012,0.728937,0.042159,0.358107,0.067872,0.678517,0.033788
CYP2C9_antagonist,PFG_EGR_4X,both,0.529850,0.035393,0.552133,0.024270,0.046753,0.062246,0.518303,0.027038
CYP2C9_antagonist,PFG_EGR_4X+mol,both,0.745173,0.026999,0.721520,0.026216,0.387000,0.058708,0.692957,0.029317
CYP2C9_antagonist,PFG_binary,both,0.659587,0.036256,0.642253,0.034941,0.254140,0.070581,0.623637,0.035024
CYP2C9_antagonist,PFG_binary+mol,both,0.748010,0.036212,0.733083,0.044438,0.371427,0.064452,0.685133,0.032046
CYP2C9_antagonist,PFG_min_dist_to_barycenter,both,0.516620,0.004340,0.524173,0.004604,0.078383,0.012009,0.512460,0.003776
CYP2C9_antagonist,PFG_min_dist_to_barycenter+mol,both,0.740317,0.031176,0.727670,0.041596,0.359237,0.056109,0.679153,0.028052
CYP2C9_antagonist,PFG_total_component,both,0.678837,0.035157,0.673310,0.034410,0.268907,0.073639,0.633000,0.037335
CYP2C9_antagonist,PFG_total_component+mol,both,0.751937,0.035672,0.737750,0.039947,0.381847,0.069227,0.690333,0.034572
CYP2C9_antagonist,TxP_PFAS,both,0.675407,0.027433,0.644790,0.034919,0.245473,0.057006,0.616880,0.030490
CYP2C9_antagonist,TxP_PFAS+g51g52_total,both,0.696740,0.032327,0.673433,0.036365,0.275850,0.055649,0.635320,0.027081
CYP2D6_antagonist,PFG_EGR,both,0.576730,0.031602,0.556097,0.020928,0.139997,0.064770,0.551480,0.022697
CYP2D6_antagonist,PFG_EGR+branch+mol,both,0.702890,0.024844,0.707643,0.029057,0.261137,0.048090,0.628263,0.024087
CYP2D6_antagonist,PFG_EGR+mol,both,0.702937,0.025033,0.708270,0.029993,0.263760,0.046301,0.629673,0.023480
CYP2D6_antagonist,PFG_EGR+ring+mol,both,0.701220,0.024606,0.707190,0.028433,0.256893,0.048956,0.626340,0.024417
CYP2D6_antagonist,PFG_EGR+spacer+mol,both,0.702203,0.025160,0.708147,0.028947,0.262960,0.046959,0.629200,0.023495
CYP2D6_antagonist,PFG_EGR+spacer+ring+mol,both,0.701910,0.024331,0.707937,0.027923,0.258317,0.047861,0.627030,0.023852
CYP2D6_antagonist,PFG_EGR_4X,both,0.552130,0.031065,0.546670,0.021161,0.137980,0.069845,0.550723,0.027109
CYP2D6_antagonist,PFG_EGR_4X+mol,both,0.719327,0.021423,0.724340,0.026872,0.321650,0.045382,0.658307,0.022681
CYP2D6_antagonist,PFG_binary,both,0.533630,0.038727,0.544297,0.028603,0.027503,0.064003,0.512920,0.029842
CYP2D6_antagonist,PFG_binary+mol,both,0.708797,0.026150,0.713233,0.028689,0.274547,0.045462,0.635090,0.022601
CYP2D6_antagonist,PFG_min_dist_to_barycenter,both,0.511120,0.007257,0.516160,0.004789,0.066920,0.033767,0.512140,0.007282
CYP2D6_antagonist,PFG_min_dist_to_barycenter+mol,both,0.706437,0.026074,0.712427,0.031068,0.264663,0.048515,0.630247,0.024508
CYP2D6_antagonist,PFG_total_component,both,0.552920,0.032263,0.573727,0.030650,0.045513,0.067731,0.521187,0.031804
CYP2D6_antagonist,PFG_total_component+mol,both,0.707423,0.026345,0.713680,0.029247,0.270650,0.049333,0.632843,0.024191
CYP2D6_antagonist,TxP_PFAS,both,0.526190,0.033930,0.542297,0.027551,0.034457,0.059161,0.514670,0.026512
CYP2D6_antagonist,TxP_PFAS+g51g52_total,both,0.525367,0.033961,0.561323,0.031329,0.010443,0.054910,0.504223,0.025003
CYP3A4_antagonist,PFG_EGR,both,0.558367,0.021453,0.433653,0.017047,0.079290,0.057420,0.529683,0.019784
CYP3A4_antagonist,PFG_EGR+branch+mol,both,0.743863,0.023665,0.617303,0.034827,0.331900,0.060274,0.665403,0.030686
CYP3A4_antagonist,PFG_EGR+mol,both,0.743693,0.024686,0.616740,0.036175,0.337853,0.061868,0.668447,0.031212
CYP3A4_antagonist,PFG_EGR+ring+mol,both,0.742500,0.024671,0.617017,0.034762,0.338430,0.060699,0.668417,0.030866
CYP3A4_antagonist,PFG_EGR+spacer+mol,both,0.744680,0.024472,0.618403,0.035789,0.334700,0.064188,0.666667,0.032613
CYP3A4_antagonist,PFG_EGR+spacer+ring+mol,both,0.742577,0.025102,0.616640,0.035631,0.333863,0.062019,0.665990,0.031492
CYP3A4_antagonist,PFG_EGR_4X,both,0.517987,0.021701,0.404267,0.015488,0.023607,0.041488,0.508123,0.016439
CYP3A4_antagonist,PFG_EGR_4X+mol,both,0.743443,0.027579,0.631347,0.036324,0.344520,0.071330,0.671790,0.035166
CYP3A4_antagonist,PFG_binary,both,0.596623,0.042495,0.454933,0.030630,0.160833,0.068389,0.577573,0.033253
CYP3A4_antagonist,PFG_binary+mol,both,0.741847,0.024684,0.614587,0.034789,0.328480,0.059143,0.663687,0.029833
CYP3A4_antagonist,PFG_min_dist_to_barycenter,both,0.507733,0.003766,0.387137,0.003041,0.049630,0.019207,0.508813,0.003721
CYP3A4_antagonist,PFG_min_dist_to_barycenter+mol,both,0.744057,0.024317,0.617380,0.034550,0.332700,0.060918,0.665817,0.030891
CYP3A4_antagonist,PFG_total_component,both,0.615363,0.044069,0.504017,0.045163,0.152203,0.058257,0.574433,0.029030
CYP3A4_antagonist,PFG_total_component+mol,both,0.744270,0.024202,0.625507,0.035812,0.324380,0.061768,0.661590,0.030731
CYP3A4_antagonist,TxP_PFAS,both,0.661813,0.043345,0.522130,0.042978,0.217507,0.069063,0.602943,0.033391
CYP3A4_antagonist,TxP_PFAS+g51g52_total,both,0.666573,0.044513,0.538673,0.046404,0.213590,0.067449,0.601290,0.033822
Caspase3_HEPG2,PFG_EGR,both,0.629700,0.056698,0.133267,0.020649,0.098360,0.057128,0.572633,0.041844
Caspase3_HEPG2,PFG_EGR+branch+mol,both,0.790557,0.049116,0.315180,0.080130,0.310287,0.105118,0.699210,0.069514
Caspase3_HEPG2,PFG_EGR+mol,both,0.789687,0.050511,0.316633,0.082417,0.306703,0.104905,0.696730,0.069098
Caspase3_HEPG2,PFG_EGR+ring+mol,both,0.786083,0.050567,0.316960,0.083835,0.304967,0.112162,0.695760,0.072570
Caspase3_HEPG2,PFG_EGR+spacer+mol,both,0.787377,0.051387,0.314777,0.079415,0.309517,0.104106,0.698487,0.068930
Caspase3_HEPG2,PFG_EGR+spacer+ring+mol,both,0.787457,0.051449,0.316933,0.083379,0.304540,0.109387,0.695037,0.070722
Caspase3_HEPG2,PFG_EGR_4X,both,0.598633,0.072634,0.140513,0.028141,0.084253,0.065801,0.566427,0.051874
Caspase3_HEPG2,PFG_EGR_4X+mol,both,0.785040,0.051264,0.302853,0.061640,0.322713,0.086730,0.695990,0.055352
Caspase3_HEPG2,PFG_binary,both,0.539140,0.047770,0.112583,0.015025,0.043523,0.071543,0.535583,0.056767
Caspase3_HEPG2,PFG_binary+mol,both,0.785143,0.049662,0.314870,0.080021,0.306507,0.099023,0.695653,0.064075
Caspase3_HEPG2,PFG_min_dist_to_barycenter,both,0.509707,0.002861,0.098383,0.000705,0.030850,0.004964,0.509707,0.002861
Caspase3_HEPG2,PFG_min_dist_to_barycenter+mol,both,0.781007,0.051832,0.297273,0.073122,0.298163,0.086072,0.690727,0.054856
Caspase3_HEPG2,PFG_total_component,both,0.624703,0.054625,0.160027,0.040329,0.089950,0.059912,0.571707,0.046905
Caspase3_HEPG2,PFG_total_component+mol,both,0.786530,0.049756,0.318283,0.079940,0.309787,0.093680,0.697647,0.058178
Caspase3_HEPG2,TxP_PFAS,both,0.564710,0.039883,0.121130,0.016559,0.058893,0.058013,0.547163,0.046934
Caspase3_HEPG2,TxP_PFAS+g51g52_total,both,0.584487,0.034820,0.143647,0.031792,0.074307,0.051752,0.560853,0.042134
DT40_genotoxicity,PFG_EGR,both,0.562367,0.033071,0.551467,0.022743,0.084893,0.055363,0.535710,0.023692
DT40_genotoxicity,PFG_EGR+branch+mol,both,0.715567,0.026095,0.722643,0.032633,0.304703,0.047823,0.651257,0.024149
DT40_genotoxicity,PFG_EGR+mol,both,0.715477,0.026841,0.722033,0.033876,0.302673,0.048941,0.650303,0.024631
DT40_genotoxicity,PFG_EGR+ring+mol,both,0.715863,0.027382,0.722703,0.034681,0.301943,0.048827,0.649923,0.024578
DT40_genotoxicity,PFG_EGR+spacer+mol,both,0.715817,0.027273,0.722940,0.034118,0.306627,0.051431,0.652240,0.025903
DT40_genotoxicity,PFG_EGR+spacer+ring+mol,both,0.715777,0.026937,0.723073,0.033624,0.301553,0.045482,0.649757,0.022813
DT40_genotoxicity,PFG_EGR_4X,both,0.543190,0.029699,0.539197,0.020741,0.065880,0.051611,0.528660,0.020917
DT40_genotoxicity,PFG_EGR_4X+mol,both,0.718170,0.031427,0.717553,0.038181,0.307310,0.064645,0.652423,0.032417
DT40_genotoxicity,PFG_binary,both,0.569167,0.041951,0.566483,0.028292,0.120357,0.084507,0.557580,0.040691
DT40_genotoxicity,PFG_binary+mol,both,0.718377,0.025258,0.724723,0.030874,0.306767,0.050763,0.652430,0.025456
DT40_genotoxicity,PFG_min_dist_to_barycenter,both,0.510170,0.003237,0.519100,0.001692,0.065673,0.014547,0.511050,0.002554
DT40_genotoxicity,PFG_min_dist_to_barycenter+mol,both,0.719470,0.027437,0.726837,0.033202,0.314557,0.052652,0.656037,0.026163
DT40_genotoxicity,PFG_total_component,both,0.595937,0.043803,0.600787,0.035707,0.128153,0.075612,0.562733,0.036909
DT40_genotoxicity,PFG_total_component+mol,both,0.718787,0.026286,0.726050,0.032738,0.315500,0.050754,0.656677,0.025349
DT40_genotoxicity,TxP_PFAS,both,0.594657,0.044562,0.583840,0.030016,0.180640,0.096247,0.582183,0.043784
DT40_genotoxicity,TxP_PFAS+g51g52_total,both,0.587710,0.038637,0.588427,0.027976,0.130100,0.074718,0.559627,0.033759
ERa_agonist,PFG_EGR,both,0.521230,0.049080,0.116273,0.012244,0.003897,0.061998,0.500940,0.045073
ERa_agonist,PFG_EGR+branch+mol,both,0.511653,0.064840,0.124877,0.027167,0.011630,0.073978,0.510183,0.052673
ERa_agonist,PFG_EGR+mol,both,0.510887,0.067807,0.124940,0.027525,0.009777,0.081002,0.508583,0.057885
ERa_agonist,PFG_EGR+ring+mol,both,0.506687,0.067930,0.122950,0.027303,0.004997,0.071528,0.505107,0.051420
ERa_agonist,PFG_EGR+spacer+mol,both,0.512383,0.069629,0.125330,0.028094,0.009033,0.075698,0.507830,0.053524
ERa_agonist,PFG_EGR+spacer+ring+mol,both,0.504937,0.067295,0.122263,0.027171,0.003673,0.073779,0.504413,0.052648
ERa_agonist,PFG_EGR_4X,both,0.527793,0.057326,0.120103,0.019195,0.025233,0.068717,0.515900,0.049127
ERa_agonist,PFG_EGR_4X+mol,both,0.534467,0.072480,0.129647,0.030227,0.018983,0.081866,0.516393,0.057818
ERa_agonist,PFG_binary,both,0.500027,0.046073,0.114510,0.011370,-0.013903,0.058742,0.490957,0.041453
ERa_agonist,PFG_binary+mol,both,0.511167,0.064520,0.122713,0.022184,0.002863,0.070736,0.503790,0.049511
ERa_agonist,PFG_min_dist_to_barycenter,both,0.501257,0.007301,0.108663,0.003077,-0.009270,0.007666,0.498677,0.001568
ERa_agonist,PFG_min_dist_to_barycenter+mol,both,0.513487,0.066488,0.127023,0.029958,0.009933,0.068736,0.508443,0.049032
ERa_agonist,PFG_total_component,both,0.529180,0.050918,0.126480,0.018806,0.046077,0.061189,0.538370,0.044922
ERa_agonist,PFG_total_component+mol,both,0.516053,0.065910,0.124263,0.026339,0.012843,0.074210,0.511293,0.051855
ERa_agonist,TxP_PFAS,both,0.532700,0.068397,0.139377,0.027226,0.040077,0.052991,0.526897,0.035517
ERa_agonist,TxP_PFAS+g51g52_total,both,0.559940,0.059799,0.151830,0.032820,0.051070,0.072551,0.536763,0.047260
ERa_antagonist,PFG_EGR,both,0.511843,0.036241,0.255390,0.027120,-0.006540,0.063707,0.492877,0.031007
ERa_antagonist,PFG_EGR+branch+mol,both,0.607750,0.037151,0.344440,0.041248,0.164043,0.057916,0.586253,0.030124
ERa_antagonist,PFG_EGR+mol,both,0.605527,0.037990,0.342323,0.040317,0.166547,0.061437,0.587323,0.032381
ERa_antagonist,PFG_EGR+ring+mol,both,0.609180,0.038547,0.346440,0.042545,0.173247,0.066941,0.590297,0.034221
ERa_antagonist,PFG_EGR+spacer+mol,both,0.604400,0.039186,0.341283,0.042408,0.165997,0.056857,0.587213,0.030076
ERa_antagonist,PFG_EGR+spacer+ring+mol,both,0.607780,0.040189,0.343597,0.043681,0.168840,0.065717,0.588183,0.033592
ERa_antagonist,PFG_EGR_4X,both,0.508093,0.037375,0.253030,0.027488,0.000203,0.066058,0.496783,0.029992
ERa_antagonist,PFG_EGR_4X+mol,both,0.607197,0.030962,0.316067,0.040574,0.110333,0.058561,0.559670,0.031649
ERa_antagonist,PFG_binary,both,0.605520,0.029947,0.315480,0.031817,0.171770,0.035172,0.596940,0.021312
ERa_antagonist,PFG_binary+mol,both,0.620323,0.040924,0.378837,0.051228,0.193790,0.068067,0.599107,0.034241
ERa_antagonist,PFG_min_dist_to_barycenter,both,0.513913,0.007144,0.242477,0.010087,0.080003,0.030480,0.510600,0.005541
ERa_antagonist,PFG_min_dist_to_barycenter+mol,both,0.600927,0.044753,0.339320,0.046691,0.151067,0.062087,0.579080,0.033421
ERa_antagonist,PFG_total_component,both,0.606693,0.037636,0.320133,0.034326,0.175057,0.035229,0.600350,0.022092
ERa_antagonist,PFG_total_component+mol,both,0.623693,0.036782,0.382343,0.050781,0.203913,0.061074,0.604250,0.031083
ERa_antagonist,TxP_PFAS,both,0.601930,0.032322,0.308257,0.032537,0.145253,0.053924,0.581657,0.031946
ERa_antagonist,TxP_PFAS+g51g52_total,both,0.610837,0.042016,0.321707,0.041984,0.160213,0.051702,0.588190,0.030412
MMP_ratio,PFG_EGR,both,0.591140,0.028507,0.330013,0.024849,0.154903,0.054999,0.586563,0.030618
MMP_ratio,PFG_EGR+branch+mol,both,0.664713,0.038173,0.473977,0.048943,0.265227,0.064099,0.632927,0.034390
MMP_ratio,PFG_EGR+mol,both,0.664413,0.036740,0.473407,0.046744,0.261303,0.066562,0.631117,0.035325
MMP_ratio,PFG_EGR+ring+mol,both,0.663493,0.035205,0.473550,0.047526,0.266073,0.062119,0.633073,0.033093
MMP_ratio,PFG_EGR+spacer+mol,both,0.663063,0.037749,0.472537,0.048372,0.261467,0.066562,0.631320,0.035390
MMP_ratio,PFG_EGR+spacer+ring+mol,both,0.663783,0.036122,0.473337,0.047957,0.260957,0.067005,0.630583,0.035408
MMP_ratio,PFG_EGR_4X,both,0.559050,0.029287,0.313633,0.023690,0.088213,0.053099,0.549073,0.029590
MMP_ratio,PFG_EGR_4X+mol,both,0.656830,0.033269,0.461793,0.043947,0.243967,0.051837,0.624337,0.028146
MMP_ratio,PFG_binary,both,0.666043,0.031166,0.446247,0.044510,0.306230,0.059189,0.659890,0.033604
MMP_ratio,PFG_binary+mol,both,0.674050,0.035842,0.483080,0.049341,0.277327,0.061844,0.637527,0.033232
MMP_ratio,PFG_min_dist_to_barycenter,both,0.514913,0.010204,0.286103,0.010959,0.068737,0.050464,0.507980,0.008336
MMP_ratio,PFG_min_dist_to_barycenter+mol,both,0.661107,0.036948,0.465377,0.047589,0.257147,0.065424,0.629343,0.034855
MMP_ratio,PFG_total_component,both,0.682690,0.034995,0.476213,0.037191,0.286153,0.048845,0.652610,0.029130
MMP_ratio,PFG_total_component+mol,both,0.676907,0.034059,0.486847,0.046729,0.282603,0.058154,0.639837,0.030962
MMP_ratio,TxP_PFAS,both,0.679017,0.034125,0.467733,0.038888,0.302200,0.056212,0.656017,0.030537
MMP_ratio,TxP_PFAS+g51g52_total,both,0.680343,0.037942,0.484357,0.046338,0.307797,0.043998,0.658020,0.026191
TR_antagonist,PFG_EGR,both,0.556173,0.025326,0.424643,0.016849,0.073143,0.048708,0.532780,0.021874
TR_antagonist,PFG_EGR+branch+mol,both,0.714930,0.035033,0.626070,0.047305,0.358267,0.076424,0.678727,0.036360
TR_antagonist,PFG_EGR+mol,both,0.715853,0.035184,0.627057,0.046262,0.363037,0.070645,0.681163,0.033622
TR_antagonist,PFG_EGR+ring+mol,both,0.715457,0.036427,0.627037,0.047831,0.353860,0.070698,0.676300,0.033425
TR_antagonist,PFG_EGR+spacer+mol,both,0.716803,0.035611,0.627357,0.048706,0.361120,0.072670,0.680120,0.034520
TR_antagonist,PFG_EGR+spacer+ring+mol,both,0.714757,0.037011,0.626833,0.048274,0.354483,0.073069,0.676687,0.034463
TR_antagonist,PFG_EGR_4X,both,0.522170,0.039159,0.404703,0.022014,0.029723,0.059303,0.513137,0.027825
TR_antagonist,PFG_EGR_4X+mol,both,0.722223,0.027769,0.617057,0.045693,0.366300,0.063421,0.682690,0.030234
TR_antagonist,PFG_binary,both,0.608683,0.026744,0.481960,0.025060,0.135753,0.042584,0.565707,0.022229
TR_antagonist,PFG_binary+mol,both,0.722050,0.034327,0.636303,0.043860,0.361393,0.066565,0.678867,0.030424
TR_antagonist,PFG_min_dist_to_barycenter,both,0.502760,0.006868,0.389467,0.006175,0.009263,0.032180,0.501517,0.004788
TR_antagonist,PFG_min_dist_to_barycenter+mol,both,0.717263,0.033860,0.629670,0.047012,0.359980,0.069877,0.679177,0.032255
TR_antagonist,PFG_total_component,both,0.629397,0.025026,0.523817,0.035366,0.183730,0.043801,0.588973,0.020485
TR_antagonist,PFG_total_component+mol,both,0.721477,0.034277,0.638443,0.047524,0.370307,0.073500,0.683777,0.034165
TR_antagonist,TxP_PFAS,both,0.631757,0.025897,0.496950,0.026090,0.164457,0.043901,0.578440,0.021106
TR_antagonist,TxP_PFAS+g51g52_total,both,0.623180,0.026637,0.504050,0.028708,0.153197,0.050145,0.574740,0.024147
p53_ratio,PFG_EGR,both,0.537677,0.043281,0.138227,0.012564,0.050760,0.069249,0.527687,0.044595
p53_ratio,PFG_EGR+branch+mol,both,0.636350,0.046893,0.229143,0.038022,0.144007,0.082377,0.590727,0.050205
p53_ratio,PFG_EGR+mol,both,0.636807,0.044767,0.229807,0.039614,0.149140,0.085953,0.593503,0.052371
p53_ratio,PFG_EGR+ring+mol,both,0.639067,0.047380,0.230483,0.035194,0.149833,0.074301,0.592437,0.045091
p53_ratio,PFG_EGR+spacer+mol,both,0.637447,0.050256,0.229517,0.039972,0.150693,0.084741,0.594103,0.051740
p53_ratio,PFG_EGR+spacer+ring+mol,both,0.639160,0.047782,0.231677,0.037314,0.154723,0.079032,0.594823,0.047208
p53_ratio,PFG_EGR_4X,both,0.535237,0.056441,0.143280,0.018773,0.047217,0.068898,0.535040,0.049638
p53_ratio,PFG_EGR_4X+mol,both,0.643590,0.061720,0.279220,0.068877,0.181980,0.086737,0.605000,0.053236
p53_ratio,PFG_binary,both,0.601637,0.058771,0.173303,0.021674,0.089390,0.078420,0.560677,0.055070
p53_ratio,PFG_binary+mol,both,0.638887,0.056360,0.241647,0.046811,0.176297,0.083109,0.606867,0.049661
p53_ratio,PFG_min_dist_to_barycenter,both,0.500817,0.003790,0.126163,0.001000,-0.000590,0.018082,0.500323,0.004164
p53_ratio,PFG_min_dist_to_barycenter+mol,both,0.626823,0.051408,0.226410,0.042616,0.145487,0.078928,0.590240,0.048034
p53_ratio,PFG_total_component,both,0.580077,0.052926,0.199453,0.042819,0.049450,0.063355,0.532550,0.043801
p53_ratio,PFG_total_component+mol,both,0.643190,0.050549,0.246093,0.046313,0.172107,0.085318,0.603783,0.050392
p53_ratio,TxP_PFAS,both,0.631000,0.043644,0.215430,0.035140,0.109910,0.074714,0.574397,0.051748
p53_ratio,TxP_PFAS+g51g52_total,both,0.622733,0.045877,0.248593,0.053982,0.108420,0.084033,0.560643,0.047442
